age,age_category,country,platform,content_type,daily_usage_minutes,engagement_score,mental_fatigue_level,fatigue_category
54,gen x,uk,instagram,reels,253,1.0,9,high disruption
44,millennials,germany,instagram,reels,205,7.0,7,high disruption
30,millennials,uk,x,live,63,3.0,6,moderate disruption
58,gen x,australia,youtube,live,144,4.0,1,low disruption
23,gen z,usa,youtube,shorts,123,8.0,9,high disruption
36,millennials,pakistan,youtube,live,45,2.0,10,high disruption
54,gen x,australia,tiktok,live,326,8.0,5,moderate disruption
34,millennials,canada,tiktok,reels,335,7.0,2,low disruption
38,millennials,uk,facebook,shorts,271,4.0,8,high disruption
26,gen z,uk,tiktok,live,12,2.0,4,moderate disruption
26,gen z,india,tiktok,shorts,187,1.0,3,low disruption
39,millennials,usa,tiktok,posts,138,4.0,1,low disruption
51,gen x,canada,x,reels,185,2.0,5,moderate disruption
55,gen x,pakistan,tiktok,reels,359,3.0,3,low disruption
39,millennials,uk,instagram,reels,76,1.0,4,moderate disruption
18,gen z,uk,instagram,stories,117,6.0,9,high disruption
37,millennials,canada,facebook,shorts,111,2.0,7,high disruption
17,gen z,australia,x,posts,294,8.0,5,moderate disruption
39,millennials,australia,instagram,live,317,3.0,8,high disruption
59,gen x,usa,x,posts,121,8.0,6,moderate disruption
45,millennials,brazil,x,shorts,124,2.0,10,high disruption
53,gen x,india,facebook,reels,151,7.0,2,low disruption
17,gen z,uk,x,stories,331,4.0,7,high disruption
36,millennials,brazil,tiktok,shorts,214,6.0,1,low disruption
48,gen x,brazil,x,shorts,300,1.0,3,low disruption
27,gen z,india,facebook,live,107,5.0,1,low disruption
37,millennials,brazil,facebook,posts,128,2.0,1,low disruption
59,gen x,brazil,facebook,posts,249,5.0,5,moderate disruption
40,millennials,australia,instagram,live,213,2.0,6,moderate disruption
64,gen x,australia,tiktok,stories,318,5.0,3,low disruption
42,millennials,germany,instagram,reels,113,2.0,3,low disruption
57,gen x,pakistan,youtube,reels,352,3.0,3,low disruption
43,millennials,usa,tiktok,stories,54,6.0,1,low disruption
31,millennials,brazil,x,live,109,10.0,5,moderate disruption
30,millennials,germany,facebook,shorts,31,5.0,1,low disruption
62,gen x,pakistan,youtube,posts,292,7.0,10,high disruption
59,gen x,germany,tiktok,shorts,261,6.0,10,high disruption
18,gen z,germany,instagram,posts,277,5.0,3,low disruption
52,gen x,usa,facebook,shorts,141,1.0,6,moderate disruption
22,gen z,usa,instagram,live,344,2.0,6,moderate disruption
36,millennials,canada,tiktok,live,305,9.0,3,low disruption
24,gen z,india,tiktok,stories,326,4.0,9,high disruption
54,gen x,india,youtube,shorts,36,6.0,8,high disruption
33,millennials,canada,x,shorts,49,6.0,3,low disruption
19,gen z,canada,instagram,stories,269,4.0,5,moderate disruption
40,millennials,australia,youtube,stories,34,4.0,5,moderate disruption
29,gen z,pakistan,facebook,live,88,6.0,5,moderate disruption
24,gen z,germany,x,live,170,2.0,3,low disruption
41,millennials,brazil,youtube,shorts,320,4.0,5,moderate disruption
17,gen z,canada,instagram,live,5,5.0,5,moderate disruption
35,millennials,uk,tiktok,live,253,10.0,4,moderate disruption
43,millennials,india,facebook,shorts,265,4.0,4,moderate disruption
62,gen x,canada,instagram,stories,67,7.0,2,low disruption
22,gen z,uk,x,shorts,168,2.0,9,high disruption
59,gen x,uk,x,reels,325,1.0,7,high disruption
23,gen z,uk,tiktok,shorts,338,9.0,1,low disruption
62,gen x,australia,tiktok,reels,205,7.0,5,moderate disruption
50,gen x,australia,facebook,shorts,226,4.0,2,low disruption
29,gen z,brazil,facebook,reels,156,5.0,10,high disruption
32,millennials,brazil,tiktok,reels,136,2.0,6,moderate disruption
51,gen x,uk,tiktok,shorts,118,7.0,7,high disruption
55,gen x,pakistan,x,live,221,1.0,2,low disruption
19,gen z,australia,tiktok,posts,200,8.0,6,moderate disruption
17,gen z,germany,youtube,live,285,6.0,3,low disruption
21,gen z,uk,instagram,reels,206,3.0,9,high disruption
57,gen x,germany,tiktok,shorts,139,9.0,4,moderate disruption
19,gen z,germany,facebook,shorts,238,10.0,3,low disruption
44,millennials,uk,youtube,shorts,145,3.0,3,low disruption
33,millennials,india,facebook,shorts,200,8.0,2,low disruption
41,millennials,pakistan,youtube,posts,47,8.0,9,high disruption
59,gen x,uk,tiktok,stories,61,8.0,8,high disruption
49,gen x,brazil,instagram,reels,146,10.0,5,moderate disruption
25,gen z,uk,facebook,posts,214,5.0,9,high disruption
51,gen x,australia,youtube,live,76,7.0,2,low disruption
29,gen z,uk,x,stories,228,8.0,6,moderate disruption
46,gen x,india,tiktok,stories,31,5.0,7,high disruption
63,gen x,australia,instagram,shorts,132,5.0,6,moderate disruption
30,millennials,brazil,tiktok,posts,110,4.0,3,low disruption
23,gen z,usa,x,live,169,8.0,10,high disruption
29,gen z,usa,instagram,shorts,219,7.0,10,high disruption
38,millennials,germany,x,shorts,75,5.0,10,high disruption
55,gen x,pakistan,tiktok,reels,208,4.0,9,high disruption
36,millennials,germany,youtube,stories,157,1.0,8,high disruption
31,millennials,india,tiktok,live,71,1.0,8,high disruption
60,gen x,canada,tiktok,stories,94,6.0,8,high disruption
33,millennials,brazil,tiktok,posts,264,4.0,9,high disruption
62,gen x,pakistan,facebook,reels,232,8.0,1,low disruption
39,millennials,brazil,x,shorts,83,6.0,8,high disruption
41,millennials,usa,x,reels,100,9.0,2,low disruption
40,millennials,germany,x,shorts,353,2.0,4,moderate disruption
60,gen x,brazil,facebook,reels,334,10.0,1,low disruption
56,gen x,usa,youtube,shorts,250,3.0,6,moderate disruption
44,millennials,india,tiktok,stories,276,7.0,10,high disruption
30,millennials,india,youtube,stories,161,5.0,1,low disruption
60,gen x,canada,facebook,stories,120,4.0,5,moderate disruption
16,gen z,brazil,x,stories,22,2.0,9,high disruption
40,millennials,canada,tiktok,reels,176,2.0,1,low disruption
22,gen z,australia,instagram,shorts,20,7.0,9,high disruption
24,gen z,pakistan,instagram,stories,244,4.0,4,moderate disruption
39,millennials,brazil,youtube,reels,60,10.0,3,low disruption
16,gen z,india,x,shorts,83,4.0,8,high disruption
59,gen x,germany,instagram,reels,107,10.0,6,moderate disruption
23,gen z,usa,youtube,stories,288,2.0,7,high disruption
39,millennials,uk,facebook,posts,197,1.0,9,high disruption
26,gen z,canada,youtube,reels,9,3.0,5,moderate disruption
32,millennials,uk,youtube,stories,110,9.0,2,low disruption
23,gen z,brazil,youtube,live,282,5.0,3,low disruption
50,gen x,germany,tiktok,shorts,104,2.0,3,low disruption
50,gen x,canada,youtube,stories,242,2.0,4,moderate disruption
48,gen x,uk,youtube,live,273,3.0,10,high disruption
20,gen z,pakistan,tiktok,reels,325,6.0,7,high disruption
57,gen x,germany,tiktok,reels,90,4.0,10,high disruption
54,gen x,usa,facebook,live,324,8.0,6,moderate disruption
56,gen x,pakistan,x,live,36,6.0,3,low disruption
43,millennials,germany,instagram,shorts,340,9.0,7,high disruption
22,gen z,australia,instagram,reels,55,5.0,4,moderate disruption
24,gen z,canada,youtube,live,83,4.0,10,high disruption
23,gen z,india,facebook,posts,190,10.0,8,high disruption
27,gen z,usa,youtube,posts,178,4.0,7,high disruption
49,gen x,brazil,instagram,live,110,5.0,7,high disruption
48,gen x,pakistan,tiktok,shorts,67,8.0,9,high disruption
63,gen x,pakistan,x,reels,80,1.0,8,high disruption
38,millennials,uk,facebook,posts,320,4.0,1,low disruption
39,millennials,canada,tiktok,live,325,1.0,7,high disruption
52,gen x,brazil,x,live,85,2.0,3,low disruption
50,gen x,india,facebook,stories,132,1.0,4,moderate disruption
59,gen x,germany,facebook,live,187,1.0,6,moderate disruption
55,gen x,india,instagram,shorts,247,4.0,5,moderate disruption
37,millennials,canada,tiktok,posts,189,8.0,8,high disruption
42,millennials,canada,facebook,stories,224,6.0,2,low disruption
50,gen x,australia,facebook,posts,75,7.0,5,moderate disruption
16,gen z,australia,x,posts,346,5.0,5,moderate disruption
50,gen x,india,instagram,shorts,158,8.0,3,low disruption
52,gen x,germany,youtube,live,249,9.0,10,high disruption
62,gen x,india,instagram,shorts,144,9.0,5,moderate disruption
29,gen z,canada,youtube,live,75,8.0,4,moderate disruption
18,gen z,canada,tiktok,stories,50,2.0,5,moderate disruption
16,gen z,uk,tiktok,shorts,51,6.0,10,high disruption
20,gen z,australia,facebook,shorts,83,6.0,9,high disruption
41,millennials,brazil,tiktok,reels,153,6.0,7,high disruption
29,gen z,brazil,facebook,shorts,134,5.0,1,low disruption
54,gen x,brazil,instagram,reels,131,1.0,3,low disruption
42,millennials,uk,tiktok,live,123,1.0,9,high disruption
24,gen z,usa,instagram,live,266,9.0,4,moderate disruption
30,millennials,brazil,instagram,live,248,6.0,4,moderate disruption
30,millennials,canada,tiktok,reels,107,3.0,10,high disruption
41,millennials,uk,instagram,live,41,3.0,6,moderate disruption
57,gen x,india,tiktok,posts,146,6.0,3,low disruption
28,gen z,australia,tiktok,shorts,41,4.0,3,low disruption
47,gen x,australia,tiktok,reels,12,5.0,9,high disruption
54,gen x,germany,youtube,live,235,1.0,5,moderate disruption
64,gen x,india,instagram,posts,337,2.0,7,high disruption
47,gen x,germany,x,shorts,300,4.0,5,moderate disruption
19,gen z,uk,tiktok,shorts,111,7.0,6,moderate disruption
45,millennials,pakistan,instagram,live,352,1.0,8,high disruption
52,gen x,brazil,facebook,posts,22,4.0,8,high disruption
38,millennials,usa,tiktok,reels,317,7.0,2,low disruption
54,gen x,india,tiktok,live,87,8.0,9,high disruption
60,gen x,india,x,shorts,292,2.0,10,high disruption
30,millennials,india,youtube,shorts,198,7.0,6,moderate disruption
58,gen x,germany,youtube,shorts,219,10.0,7,high disruption
44,millennials,uk,tiktok,live,285,9.0,3,low disruption
51,gen x,india,instagram,stories,224,8.0,4,moderate disruption
28,gen z,pakistan,facebook,stories,293,7.0,6,moderate disruption
47,gen x,india,facebook,stories,348,3.0,7,high disruption
22,gen z,australia,instagram,posts,198,7.0,6,moderate disruption
37,millennials,brazil,tiktok,live,162,7.0,5,moderate disruption
43,millennials,usa,facebook,shorts,108,4.0,2,low disruption
17,gen z,brazil,youtube,posts,38,5.0,7,high disruption
57,gen x,australia,instagram,stories,106,7.0,5,moderate disruption
60,gen x,australia,x,reels,131,10.0,9,high disruption
21,gen z,usa,tiktok,posts,218,3.0,4,moderate disruption
43,millennials,pakistan,instagram,posts,329,3.0,10,high disruption
43,millennials,uk,facebook,live,300,6.0,2,low disruption
59,gen x,australia,tiktok,posts,183,2.0,7,high disruption
59,gen x,uk,youtube,live,84,6.0,7,high disruption
35,millennials,australia,tiktok,reels,145,1.0,1,low disruption
45,millennials,canada,tiktok,shorts,35,5.0,5,moderate disruption
26,gen z,usa,youtube,shorts,67,6.0,3,low disruption
43,millennials,australia,youtube,stories,52,1.0,9,high disruption
40,millennials,canada,tiktok,stories,91,2.0,9,high disruption
54,gen x,brazil,youtube,reels,308,4.0,7,high disruption
48,gen x,germany,instagram,shorts,65,4.0,9,high disruption
16,gen z,canada,youtube,stories,338,7.0,2,low disruption
42,millennials,india,youtube,posts,278,6.0,10,high disruption
28,gen z,australia,tiktok,live,288,4.0,8,high disruption
56,gen x,canada,instagram,stories,84,5.0,10,high disruption
18,gen z,uk,x,reels,184,1.0,10,high disruption
54,gen x,germany,x,shorts,276,8.0,10,high disruption
21,gen z,pakistan,facebook,reels,81,1.0,1,low disruption
23,gen z,australia,youtube,live,225,8.0,3,low disruption
42,millennials,india,youtube,live,286,6.0,8,high disruption
24,gen z,pakistan,instagram,reels,32,6.0,8,high disruption
52,gen x,canada,x,stories,81,7.0,10,high disruption
48,gen x,pakistan,facebook,stories,168,9.0,8,high disruption
57,gen x,pakistan,instagram,shorts,13,9.0,7,high disruption
59,gen x,germany,youtube,shorts,179,6.0,2,low disruption
39,millennials,brazil,x,posts,311,2.0,3,low disruption
30,millennials,pakistan,facebook,posts,80,9.0,9,high disruption
47,gen x,pakistan,tiktok,shorts,249,1.0,2,low disruption
47,gen x,australia,x,posts,126,8.0,7,high disruption
39,millennials,brazil,facebook,reels,189,7.0,1,low disruption
56,gen x,germany,instagram,stories,36,9.0,3,low disruption
64,gen x,india,tiktok,posts,254,9.0,1,low disruption
64,gen x,canada,facebook,posts,61,1.0,6,moderate disruption
27,gen z,germany,facebook,reels,314,6.0,4,moderate disruption
54,gen x,germany,youtube,live,148,2.0,1,low disruption
17,gen z,usa,x,shorts,322,1.0,5,moderate disruption
18,gen z,germany,youtube,reels,88,5.0,4,moderate disruption
64,gen x,brazil,tiktok,live,60,1.0,10,high disruption
52,gen x,usa,facebook,reels,283,7.0,10,high disruption
64,gen x,canada,youtube,stories,277,10.0,2,low disruption
32,millennials,pakistan,x,reels,170,6.0,7,high disruption
64,gen x,australia,tiktok,reels,162,3.0,8,high disruption
17,gen z,australia,instagram,stories,253,9.0,4,moderate disruption
17,gen z,canada,youtube,shorts,190,9.0,9,high disruption
43,millennials,canada,tiktok,live,82,7.0,3,low disruption
38,millennials,brazil,instagram,posts,26,6.0,6,moderate disruption
52,gen x,uk,youtube,shorts,112,9.0,7,high disruption
47,gen x,pakistan,tiktok,reels,277,2.0,7,high disruption
48,gen x,canada,tiktok,posts,256,9.0,6,moderate disruption
16,gen z,germany,youtube,stories,19,10.0,9,high disruption
34,millennials,brazil,tiktok,shorts,308,9.0,1,low disruption
17,gen z,australia,facebook,live,164,3.0,9,high disruption
59,gen x,india,youtube,shorts,209,9.0,9,high disruption
41,millennials,brazil,tiktok,shorts,117,5.0,4,moderate disruption
47,gen x,australia,instagram,posts,172,6.0,5,moderate disruption
21,gen z,usa,instagram,stories,357,8.0,3,low disruption
47,gen x,brazil,facebook,stories,257,1.0,7,high disruption
19,gen z,australia,youtube,shorts,190,4.0,2,low disruption
26,gen z,uk,tiktok,stories,351,8.0,8,high disruption
32,millennials,brazil,tiktok,posts,231,8.0,9,high disruption
53,gen x,brazil,instagram,posts,20,9.0,6,moderate disruption
39,millennials,pakistan,facebook,live,160,2.0,9,high disruption
20,gen z,canada,instagram,stories,358,7.0,6,moderate disruption
49,gen x,pakistan,instagram,live,115,2.0,3,low disruption
21,gen z,brazil,facebook,reels,5,8.0,10,high disruption
37,millennials,canada,youtube,posts,45,3.0,3,low disruption
26,gen z,australia,tiktok,shorts,52,8.0,2,low disruption
63,gen x,india,youtube,posts,112,5.0,5,moderate disruption
31,millennials,india,x,reels,165,10.0,4,moderate disruption
48,gen x,brazil,x,shorts,165,6.0,6,moderate disruption
24,gen z,uk,x,stories,132,7.0,5,moderate disruption
21,gen z,usa,facebook,stories,214,4.0,6,moderate disruption
31,millennials,australia,instagram,posts,155,7.0,4,moderate disruption
44,millennials,canada,youtube,shorts,259,5.0,3,low disruption
18,gen z,brazil,tiktok,shorts,222,1.0,1,low disruption
35,millennials,australia,x,live,34,6.0,5,moderate disruption
51,gen x,brazil,youtube,reels,49,8.0,6,moderate disruption
34,millennials,uk,x,stories,84,3.0,5,moderate disruption
41,millennials,germany,x,posts,43,3.0,5,moderate disruption
18,gen z,germany,tiktok,shorts,244,6.0,6,moderate disruption
34,millennials,uk,facebook,stories,49,8.0,4,moderate disruption
35,millennials,canada,instagram,posts,82,3.0,4,moderate disruption
47,gen x,pakistan,facebook,stories,341,9.0,8,high disruption
22,gen z,uk,youtube,posts,353,9.0,8,high disruption
56,gen x,brazil,facebook,stories,292,2.0,3,low disruption
48,gen x,canada,youtube,live,284,3.0,7,high disruption
55,gen x,india,youtube,reels,120,7.0,5,moderate disruption
54,gen x,uk,instagram,stories,273,10.0,5,moderate disruption
33,millennials,canada,tiktok,reels,339,7.0,3,low disruption
55,gen x,uk,instagram,stories,316,5.0,2,low disruption
16,gen z,uk,facebook,shorts,57,2.0,3,low disruption
26,gen z,pakistan,youtube,live,72,5.0,7,high disruption
43,millennials,pakistan,x,live,186,6.0,3,low disruption
40,millennials,brazil,x,reels,38,4.0,2,low disruption
38,millennials,canada,youtube,shorts,288,5.0,4,moderate disruption
46,gen x,canada,instagram,posts,310,2.0,5,moderate disruption
45,millennials,usa,tiktok,live,253,5.0,7,high disruption
57,gen x,uk,instagram,shorts,115,1.0,1,low disruption
50,gen x,germany,youtube,shorts,98,1.0,8,high disruption
22,gen z,uk,youtube,reels,183,9.0,10,high disruption
31,millennials,uk,tiktok,shorts,51,2.0,3,low disruption
41,millennials,canada,facebook,shorts,286,6.0,6,moderate disruption
63,gen x,uk,facebook,posts,344,2.0,4,moderate disruption
64,gen x,australia,tiktok,reels,96,3.0,5,moderate disruption
17,gen z,uk,facebook,reels,216,4.0,10,high disruption
16,gen z,australia,x,shorts,79,2.0,6,moderate disruption
63,gen x,pakistan,facebook,posts,206,1.0,2,low disruption
27,gen z,germany,facebook,stories,301,9.0,3,low disruption
20,gen z,brazil,facebook,live,312,1.0,8,high disruption
52,gen x,canada,x,reels,215,1.0,8,high disruption
47,gen x,uk,facebook,posts,342,8.0,1,low disruption
24,gen z,australia,x,posts,138,3.0,10,high disruption
56,gen x,australia,tiktok,shorts,334,7.0,8,high disruption
50,gen x,pakistan,instagram,live,70,2.0,2,low disruption
34,millennials,australia,tiktok,reels,284,3.0,10,high disruption
63,gen x,brazil,instagram,stories,32,6.0,10,high disruption
31,millennials,india,tiktok,shorts,121,10.0,8,high disruption
18,gen z,usa,instagram,reels,321,1.0,10,high disruption
35,millennials,brazil,instagram,reels,329,4.0,5,moderate disruption
39,millennials,germany,youtube,posts,118,1.0,1,low disruption
48,gen x,brazil,instagram,live,79,2.0,8,high disruption
39,millennials,pakistan,instagram,stories,206,9.0,5,moderate disruption
26,gen z,pakistan,youtube,live,63,1.0,1,low disruption
64,gen x,brazil,facebook,posts,19,9.0,4,moderate disruption
23,gen z,uk,facebook,stories,235,2.0,1,low disruption
51,gen x,india,youtube,stories,109,9.0,9,high disruption
53,gen x,uk,x,shorts,169,6.0,10,high disruption
55,gen x,uk,instagram,stories,203,9.0,2,low disruption
35,millennials,brazil,instagram,reels,358,2.0,8,high disruption
50,gen x,canada,youtube,live,39,8.0,4,moderate disruption
63,gen x,canada,youtube,live,166,7.0,9,high disruption
40,millennials,canada,x,shorts,249,6.0,2,low disruption
50,gen x,india,facebook,stories,291,8.0,3,low disruption
40,millennials,uk,tiktok,posts,23,7.0,2,low disruption
44,millennials,usa,facebook,reels,284,9.0,10,high disruption
33,millennials,germany,instagram,shorts,344,4.0,5,moderate disruption
61,gen x,canada,youtube,stories,352,6.0,1,low disruption
33,millennials,canada,x,posts,186,9.0,3,low disruption
17,gen z,pakistan,facebook,stories,151,3.0,1,low disruption
50,gen x,uk,x,shorts,180,5.0,10,high disruption
31,millennials,uk,facebook,posts,167,10.0,8,high disruption
56,gen x,india,instagram,posts,179,5.0,4,moderate disruption
51,gen x,india,tiktok,posts,51,3.0,3,low disruption
48,gen x,canada,x,posts,260,4.0,8,high disruption
19,gen z,uk,x,stories,178,9.0,9,high disruption
48,gen x,usa,tiktok,posts,107,10.0,8,high disruption
29,gen z,germany,x,stories,125,10.0,6,moderate disruption
36,millennials,brazil,x,posts,354,7.0,3,low disruption
63,gen x,uk,facebook,posts,149,5.0,8,high disruption
35,millennials,pakistan,facebook,shorts,46,2.0,5,moderate disruption
23,gen z,brazil,tiktok,stories,33,2.0,5,moderate disruption
22,gen z,uk,instagram,stories,277,1.0,9,high disruption
18,gen z,australia,x,live,18,1.0,1,low disruption
32,millennials,india,instagram,shorts,310,9.0,7,high disruption
48,gen x,pakistan,tiktok,stories,317,8.0,8,high disruption
63,gen x,germany,tiktok,shorts,193,6.0,10,high disruption
27,gen z,canada,facebook,shorts,299,10.0,3,low disruption
37,millennials,pakistan,x,shorts,187,10.0,8,high disruption
37,millennials,uk,youtube,reels,356,7.0,1,low disruption
61,gen x,canada,tiktok,stories,40,5.0,8,high disruption
45,millennials,uk,x,shorts,41,2.0,7,high disruption
53,gen x,canada,instagram,reels,18,5.0,4,moderate disruption
53,gen x,germany,facebook,reels,127,2.0,7,high disruption
60,gen x,india,instagram,posts,87,4.0,10,high disruption
23,gen z,germany,tiktok,posts,163,9.0,7,high disruption
42,millennials,australia,tiktok,stories,333,4.0,10,high disruption
42,millennials,usa,instagram,posts,106,2.0,1,low disruption
49,gen x,india,tiktok,stories,341,6.0,3,low disruption
36,millennials,germany,x,reels,87,6.0,7,high disruption
45,millennials,australia,tiktok,reels,48,2.0,5,moderate disruption
48,gen x,usa,facebook,stories,72,2.0,9,high disruption
43,millennials,australia,x,posts,52,10.0,7,high disruption
62,gen x,uk,youtube,posts,61,3.0,3,low disruption
48,gen x,brazil,tiktok,stories,79,8.0,1,low disruption
20,gen z,uk,tiktok,live,26,5.0,5,moderate disruption
63,gen x,canada,facebook,posts,136,5.0,10,high disruption
34,millennials,india,facebook,shorts,306,3.0,5,moderate disruption
19,gen z,uk,instagram,posts,271,8.0,7,high disruption
50,gen x,pakistan,instagram,live,291,9.0,1,low disruption
64,gen x,australia,instagram,reels,124,3.0,10,high disruption
32,millennials,india,facebook,reels,250,1.0,2,low disruption
59,gen x,brazil,instagram,reels,60,2.0,6,moderate disruption
43,millennials,pakistan,instagram,posts,42,8.0,8,high disruption
45,millennials,uk,youtube,reels,249,5.0,4,moderate disruption
44,millennials,canada,instagram,live,25,2.0,3,low disruption
61,gen x,germany,tiktok,live,114,4.0,3,low disruption
21,gen z,canada,facebook,posts,98,5.0,3,low disruption
50,gen x,pakistan,x,shorts,140,9.0,2,low disruption
56,gen x,usa,youtube,posts,235,7.0,1,low disruption
52,gen x,uk,facebook,reels,12,2.0,5,moderate disruption
39,millennials,pakistan,facebook,posts,332,2.0,10,high disruption
44,millennials,usa,tiktok,live,294,4.0,5,moderate disruption
64,gen x,usa,instagram,posts,255,1.0,5,moderate disruption
61,gen x,australia,tiktok,posts,91,8.0,4,moderate disruption
46,gen x,india,instagram,shorts,208,4.0,3,low disruption
50,gen x,australia,instagram,live,223,4.0,3,low disruption
48,gen x,uk,facebook,stories,245,5.0,2,low disruption
36,millennials,usa,instagram,stories,324,7.0,5,moderate disruption
47,gen x,brazil,youtube,live,262,6.0,4,moderate disruption
38,millennials,pakistan,youtube,stories,113,8.0,6,moderate disruption
48,gen x,germany,youtube,reels,260,6.0,2,low disruption
18,gen z,usa,facebook,stories,286,8.0,2,low disruption
33,millennials,pakistan,tiktok,reels,224,7.0,8,high disruption
40,millennials,brazil,x,live,87,2.0,6,moderate disruption
57,gen x,germany,instagram,stories,111,1.0,3,low disruption
46,gen x,australia,x,stories,73,9.0,5,moderate disruption
18,gen z,australia,tiktok,reels,101,9.0,3,low disruption
55,gen x,india,tiktok,reels,216,7.0,2,low disruption
61,gen x,pakistan,facebook,posts,290,7.0,3,low disruption
39,millennials,usa,youtube,shorts,241,3.0,1,low disruption
47,gen x,canada,youtube,stories,12,6.0,7,high disruption
62,gen x,australia,tiktok,shorts,298,10.0,6,moderate disruption
37,millennials,australia,facebook,shorts,193,9.0,5,moderate disruption
38,millennials,india,facebook,stories,85,3.0,6,moderate disruption
17,gen z,germany,instagram,reels,112,3.0,8,high disruption
42,millennials,india,youtube,posts,325,5.0,3,low disruption
57,gen x,brazil,tiktok,live,71,4.0,3,low disruption
17,gen z,usa,x,stories,178,4.0,5,moderate disruption
41,millennials,pakistan,youtube,stories,350,6.0,5,moderate disruption
32,millennials,uk,instagram,live,355,1.0,1,low disruption
55,gen x,uk,facebook,shorts,332,8.0,4,moderate disruption
48,gen x,pakistan,tiktok,posts,47,8.0,9,high disruption
24,gen z,germany,youtube,shorts,191,8.0,8,high disruption
58,gen x,brazil,x,live,306,8.0,3,low disruption
63,gen x,australia,instagram,live,204,6.0,5,moderate disruption
54,gen x,germany,instagram,posts,43,8.0,5,moderate disruption
44,millennials,australia,youtube,live,224,5.0,7,high disruption
57,gen x,australia,x,live,311,10.0,8,high disruption
41,millennials,uk,instagram,posts,8,2.0,9,high disruption
50,gen x,germany,tiktok,stories,125,9.0,7,high disruption
40,millennials,brazil,instagram,shorts,340,3.0,2,low disruption
39,millennials,india,x,stories,81,1.0,8,high disruption
28,gen z,australia,facebook,stories,183,5.0,8,high disruption
22,gen z,canada,facebook,shorts,137,6.0,2,low disruption
51,gen x,canada,youtube,stories,315,3.0,6,moderate disruption
60,gen x,india,x,posts,233,6.0,10,high disruption
35,millennials,canada,instagram,shorts,280,8.0,1,low disruption
16,gen z,usa,instagram,reels,156,3.0,7,high disruption
23,gen z,australia,facebook,stories,168,6.0,10,high disruption
61,gen x,india,facebook,live,294,4.0,2,low disruption
31,millennials,germany,tiktok,shorts,113,6.0,5,moderate disruption
29,gen z,australia,facebook,reels,130,7.0,7,high disruption
27,gen z,india,tiktok,live,244,4.0,10,high disruption
38,millennials,uk,instagram,reels,314,10.0,9,high disruption
30,millennials,brazil,tiktok,stories,349,6.0,1,low disruption
43,millennials,germany,tiktok,live,150,8.0,9,high disruption
49,gen x,brazil,youtube,stories,256,7.0,5,moderate disruption
17,gen z,uk,facebook,live,187,9.0,6,moderate disruption
47,gen x,australia,tiktok,shorts,313,2.0,8,high disruption
38,millennials,germany,instagram,posts,310,3.0,2,low disruption
37,millennials,brazil,x,posts,76,5.0,7,high disruption
40,millennials,canada,tiktok,reels,223,9.0,4,moderate disruption
37,millennials,brazil,facebook,live,211,2.0,9,high disruption
37,millennials,india,youtube,stories,177,10.0,6,moderate disruption
64,gen x,australia,instagram,shorts,145,2.0,7,high disruption
57,gen x,usa,youtube,shorts,276,2.0,6,moderate disruption
21,gen z,brazil,x,shorts,218,2.0,8,high disruption
30,millennials,germany,tiktok,posts,273,6.0,6,moderate disruption
58,gen x,germany,tiktok,stories,24,9.0,7,high disruption
52,gen x,pakistan,facebook,shorts,70,3.0,8,high disruption
48,gen x,brazil,tiktok,shorts,307,6.0,1,low disruption
23,gen z,australia,instagram,reels,151,2.0,10,high disruption
59,gen x,australia,x,live,169,7.0,4,moderate disruption
59,gen x,uk,youtube,live,314,2.0,6,moderate disruption
20,gen z,pakistan,x,live,10,5.0,1,low disruption
54,gen x,brazil,tiktok,reels,18,7.0,4,moderate disruption
19,gen z,canada,youtube,posts,136,6.0,6,moderate disruption
21,gen z,uk,facebook,reels,346,2.0,7,high disruption
60,gen x,pakistan,x,shorts,247,2.0,6,moderate disruption
47,gen x,brazil,youtube,stories,235,7.0,4,moderate disruption
45,millennials,brazil,youtube,shorts,232,8.0,7,high disruption
62,gen x,uk,youtube,shorts,166,9.0,10,high disruption
50,gen x,canada,instagram,stories,287,8.0,2,low disruption
55,gen x,pakistan,x,live,267,10.0,6,moderate disruption
31,millennials,brazil,youtube,reels,135,4.0,5,moderate disruption
28,gen z,brazil,x,posts,229,4.0,2,low disruption
57,gen x,pakistan,youtube,shorts,262,1.0,9,high disruption
45,millennials,usa,facebook,shorts,238,5.0,7,high disruption
34,millennials,uk,facebook,posts,340,7.0,3,low disruption
32,millennials,uk,facebook,reels,320,8.0,7,high disruption
34,millennials,germany,tiktok,shorts,28,3.0,6,moderate disruption
43,millennials,canada,youtube,posts,275,5.0,7,high disruption
41,millennials,india,tiktok,shorts,99,7.0,4,moderate disruption
52,gen x,usa,x,live,146,6.0,10,high disruption
41,millennials,pakistan,tiktok,live,186,3.0,8,high disruption
38,millennials,pakistan,x,shorts,210,8.0,8,high disruption
24,gen z,pakistan,x,shorts,85,2.0,7,high disruption
27,gen z,usa,x,live,278,9.0,7,high disruption
16,gen z,brazil,tiktok,shorts,280,10.0,10,high disruption
16,gen z,pakistan,youtube,reels,212,4.0,8,high disruption
62,gen x,pakistan,tiktok,reels,300,4.0,1,low disruption
49,gen x,canada,youtube,stories,43,8.0,6,moderate disruption
47,gen x,australia,youtube,reels,292,5.0,2,low disruption
63,gen x,australia,x,shorts,128,1.0,1,low disruption
40,millennials,germany,tiktok,shorts,287,9.0,10,high disruption
55,gen x,germany,youtube,posts,184,5.0,7,high disruption
60,gen x,pakistan,facebook,reels,101,2.0,6,moderate disruption
16,gen z,canada,youtube,live,195,6.0,5,moderate disruption
31,millennials,pakistan,facebook,live,78,3.0,5,moderate disruption
54,gen x,germany,tiktok,stories,277,2.0,9,high disruption
20,gen z,usa,tiktok,posts,53,6.0,9,high disruption
37,millennials,usa,tiktok,live,341,4.0,6,moderate disruption
44,millennials,brazil,youtube,stories,214,6.0,3,low disruption
18,gen z,india,instagram,reels,120,10.0,7,high disruption
27,gen z,australia,youtube,posts,27,9.0,4,moderate disruption
41,millennials,canada,youtube,posts,102,1.0,5,moderate disruption
31,millennials,uk,x,shorts,332,1.0,7,high disruption
52,gen x,australia,x,reels,317,6.0,7,high disruption
37,millennials,uk,youtube,posts,194,6.0,10,high disruption
44,millennials,india,facebook,stories,186,9.0,8,high disruption
29,gen z,india,x,live,152,6.0,1,low disruption
43,millennials,pakistan,youtube,reels,346,3.0,5,moderate disruption
20,gen z,germany,instagram,reels,27,5.0,9,high disruption
62,gen x,india,facebook,posts,109,8.0,7,high disruption
64,gen x,india,tiktok,posts,167,9.0,2,low disruption
45,millennials,uk,youtube,posts,71,3.0,1,low disruption
61,gen x,germany,youtube,stories,294,6.0,8,high disruption
20,gen z,india,facebook,shorts,293,2.0,9,high disruption
27,gen z,australia,x,posts,50,5.0,10,high disruption
31,millennials,brazil,x,shorts,85,1.0,5,moderate disruption
41,millennials,india,x,shorts,151,9.0,6,moderate disruption
41,millennials,brazil,tiktok,reels,226,7.0,2,low disruption
63,gen x,germany,facebook,live,347,9.0,5,moderate disruption
36,millennials,pakistan,facebook,live,19,10.0,4,moderate disruption
54,gen x,canada,x,stories,125,2.0,8,high disruption
51,gen x,germany,x,stories,82,7.0,8,high disruption
48,gen x,uk,instagram,live,326,9.0,5,moderate disruption
45,millennials,canada,instagram,live,299,6.0,8,high disruption
52,gen x,australia,youtube,reels,245,7.0,6,moderate disruption
38,millennials,usa,youtube,reels,22,4.0,10,high disruption
25,gen z,brazil,facebook,live,260,7.0,6,moderate disruption
20,gen z,brazil,facebook,posts,281,4.0,4,moderate disruption
51,gen x,brazil,tiktok,posts,31,5.0,10,high disruption
49,gen x,germany,tiktok,reels,6,1.0,3,low disruption
46,gen x,brazil,instagram,shorts,357,1.0,9,high disruption
25,gen z,pakistan,youtube,live,299,1.0,5,moderate disruption
34,millennials,brazil,instagram,stories,316,2.0,10,high disruption
47,gen x,uk,instagram,posts,243,5.0,10,high disruption
16,gen z,australia,youtube,shorts,17,1.0,4,moderate disruption
20,gen z,brazil,tiktok,posts,188,2.0,6,moderate disruption
60,gen x,brazil,youtube,shorts,198,8.0,4,moderate disruption
19,gen z,canada,x,live,60,8.0,6,moderate disruption
31,millennials,australia,x,live,234,8.0,10,high disruption
39,millennials,brazil,x,live,32,9.0,8,high disruption
31,millennials,germany,facebook,reels,324,2.0,8,high disruption
17,gen z,india,tiktok,shorts,75,2.0,6,moderate disruption
64,gen x,pakistan,tiktok,stories,214,4.0,1,low disruption
43,millennials,germany,facebook,stories,188,9.0,1,low disruption
47,gen x,usa,instagram,live,45,8.0,3,low disruption
42,millennials,germany,x,stories,264,4.0,2,low disruption
35,millennials,canada,x,posts,348,1.0,1,low disruption
39,millennials,canada,instagram,shorts,88,6.0,1,low disruption
27,gen z,brazil,youtube,shorts,50,3.0,6,moderate disruption
50,gen x,germany,youtube,shorts,163,6.0,7,high disruption
48,gen x,canada,tiktok,posts,348,9.0,8,high disruption
48,gen x,india,facebook,reels,11,6.0,3,low disruption
58,gen x,australia,tiktok,posts,337,9.0,1,low disruption
52,gen x,germany,youtube,shorts,140,4.0,5,moderate disruption
27,gen z,pakistan,instagram,shorts,187,7.0,8,high disruption
18,gen z,india,tiktok,shorts,201,9.0,4,moderate disruption
16,gen z,brazil,x,stories,176,6.0,2,low disruption
48,gen x,australia,x,reels,353,6.0,9,high disruption
55,gen x,pakistan,instagram,posts,280,7.0,9,high disruption
25,gen z,brazil,youtube,shorts,82,9.0,3,low disruption
58,gen x,pakistan,x,live,182,1.0,7,high disruption
59,gen x,brazil,x,reels,31,4.0,1,low disruption
44,millennials,pakistan,facebook,live,124,4.0,8,high disruption
28,gen z,australia,tiktok,reels,285,9.0,8,high disruption
27,gen z,india,youtube,shorts,312,10.0,3,low disruption
46,gen x,pakistan,tiktok,reels,200,2.0,5,moderate disruption
61,gen x,pakistan,youtube,reels,281,2.0,4,moderate disruption
17,gen z,uk,x,shorts,22,9.0,7,high disruption
50,gen x,germany,facebook,live,299,3.0,7,high disruption
38,millennials,australia,tiktok,live,275,3.0,8,high disruption
32,millennials,brazil,x,stories,57,1.0,5,moderate disruption
41,millennials,australia,youtube,live,298,3.0,5,moderate disruption
23,gen z,canada,tiktok,live,56,7.0,8,high disruption
44,millennials,brazil,tiktok,reels,220,5.0,5,moderate disruption
41,millennials,australia,x,stories,76,5.0,1,low disruption
25,gen z,india,tiktok,shorts,32,9.0,3,low disruption
41,millennials,brazil,facebook,shorts,256,2.0,2,low disruption
49,gen x,brazil,facebook,posts,39,1.0,10,high disruption
56,gen x,australia,x,stories,205,9.0,5,moderate disruption
22,gen z,brazil,youtube,reels,253,8.0,8,high disruption
19,gen z,uk,x,posts,103,3.0,9,high disruption
60,gen x,germany,facebook,posts,312,4.0,9,high disruption
26,gen z,brazil,instagram,shorts,144,3.0,1,low disruption
44,millennials,germany,instagram,live,87,7.0,1,low disruption
51,gen x,australia,tiktok,reels,52,1.0,1,low disruption
40,millennials,pakistan,tiktok,stories,282,5.0,1,low disruption
36,millennials,usa,instagram,posts,252,2.0,9,high disruption
51,gen x,usa,facebook,reels,181,8.0,1,low disruption
25,gen z,pakistan,tiktok,shorts,56,4.0,7,high disruption
52,gen x,pakistan,x,posts,83,6.0,6,moderate disruption
24,gen z,pakistan,x,posts,326,1.0,9,high disruption
39,millennials,india,facebook,shorts,68,1.0,9,high disruption
50,gen x,usa,tiktok,shorts,12,7.0,4,moderate disruption
64,gen x,pakistan,x,shorts,218,8.0,9,high disruption
50,gen x,india,tiktok,reels,29,7.0,6,moderate disruption
63,gen x,canada,tiktok,reels,260,8.0,5,moderate disruption
51,gen x,brazil,x,reels,247,1.0,9,high disruption
33,millennials,india,instagram,live,202,7.0,7,high disruption
64,gen x,usa,x,posts,98,2.0,9,high disruption
54,gen x,australia,facebook,reels,211,1.0,5,moderate disruption
47,gen x,canada,youtube,live,19,8.0,4,moderate disruption
39,millennials,usa,x,posts,182,9.0,10,high disruption
38,millennials,brazil,tiktok,reels,79,7.0,3,low disruption
47,gen x,india,tiktok,shorts,108,8.0,5,moderate disruption
52,gen x,uk,x,stories,298,10.0,9,high disruption
27,gen z,germany,youtube,reels,172,2.0,3,low disruption
64,gen x,brazil,x,stories,119,10.0,1,low disruption
28,gen z,usa,youtube,reels,43,6.0,2,low disruption
38,millennials,pakistan,youtube,shorts,277,8.0,10,high disruption
40,millennials,india,facebook,stories,139,7.0,5,moderate disruption
50,gen x,pakistan,tiktok,live,236,6.0,3,low disruption
56,gen x,pakistan,tiktok,shorts,43,7.0,6,moderate disruption
45,millennials,pakistan,youtube,stories,295,4.0,8,high disruption
32,millennials,pakistan,tiktok,stories,311,9.0,6,moderate disruption
64,gen x,pakistan,instagram,shorts,51,2.0,10,high disruption
35,millennials,canada,youtube,shorts,40,4.0,9,high disruption
63,gen x,usa,tiktok,shorts,324,1.0,6,moderate disruption
40,millennials,brazil,instagram,posts,99,3.0,5,moderate disruption
37,millennials,usa,facebook,live,17,3.0,4,moderate disruption
28,gen z,brazil,tiktok,reels,150,1.0,2,low disruption
34,millennials,germany,instagram,stories,69,5.0,6,moderate disruption
64,gen x,india,x,reels,232,5.0,2,low disruption
51,gen x,uk,x,shorts,246,1.0,5,moderate disruption
27,gen z,canada,instagram,live,12,3.0,1,low disruption
56,gen x,india,youtube,live,308,10.0,3,low disruption
34,millennials,canada,youtube,posts,345,2.0,10,high disruption
27,gen z,brazil,tiktok,shorts,47,3.0,5,moderate disruption
24,gen z,usa,x,stories,248,1.0,7,high disruption
22,gen z,pakistan,youtube,posts,185,2.0,8,high disruption
43,millennials,germany,youtube,shorts,89,7.0,7,high disruption
29,gen z,germany,x,posts,159,4.0,7,high disruption
46,gen x,australia,facebook,reels,279,5.0,2,low disruption
34,millennials,uk,youtube,shorts,27,2.0,6,moderate disruption
62,gen x,germany,instagram,stories,119,7.0,5,moderate disruption
31,millennials,pakistan,tiktok,stories,310,8.0,9,high disruption
20,gen z,usa,youtube,shorts,303,2.0,10,high disruption
50,gen x,uk,youtube,posts,103,1.0,4,moderate disruption
27,gen z,brazil,facebook,live,108,1.0,7,high disruption
40,millennials,india,instagram,shorts,55,7.0,8,high disruption
36,millennials,brazil,tiktok,stories,116,2.0,6,moderate disruption
51,gen x,pakistan,youtube,reels,248,5.0,3,low disruption
38,millennials,pakistan,tiktok,stories,173,2.0,5,moderate disruption
31,millennials,germany,x,live,76,2.0,1,low disruption
54,gen x,uk,youtube,stories,143,1.0,8,high disruption
60,gen x,usa,youtube,live,340,4.0,2,low disruption
57,gen x,brazil,x,shorts,235,1.0,10,high disruption
54,gen x,australia,facebook,stories,243,4.0,7,high disruption
29,gen z,brazil,youtube,posts,257,6.0,9,high disruption
46,gen x,canada,tiktok,posts,53,4.0,1,low disruption
20,gen z,canada,instagram,stories,307,7.0,4,moderate disruption
50,gen x,usa,tiktok,stories,76,8.0,7,high disruption
38,millennials,usa,facebook,reels,267,7.0,9,high disruption
44,millennials,canada,instagram,stories,326,9.0,2,low disruption
58,gen x,australia,tiktok,reels,226,3.0,2,low disruption
26,gen z,uk,tiktok,reels,81,2.0,6,moderate disruption
33,millennials,canada,x,reels,66,6.0,3,low disruption
62,gen x,usa,facebook,reels,161,6.0,4,moderate disruption
27,gen z,germany,x,shorts,298,5.0,3,low disruption
24,gen z,india,instagram,posts,129,1.0,1,low disruption
25,gen z,australia,x,reels,233,6.0,6,moderate disruption
59,gen x,pakistan,facebook,posts,344,9.0,2,low disruption
32,millennials,australia,youtube,reels,165,4.0,2,low disruption
53,gen x,germany,youtube,posts,33,10.0,7,high disruption
22,gen z,germany,instagram,stories,118,4.0,5,moderate disruption
61,gen x,pakistan,youtube,stories,83,2.0,8,high disruption
28,gen z,brazil,x,posts,27,4.0,2,low disruption
55,gen x,usa,instagram,reels,110,5.0,10,high disruption
57,gen x,canada,facebook,shorts,135,6.0,8,high disruption
24,gen z,brazil,instagram,posts,177,5.0,7,high disruption
42,millennials,uk,instagram,live,268,6.0,10,high disruption
17,gen z,australia,tiktok,shorts,346,1.0,8,high disruption
20,gen z,pakistan,tiktok,live,289,3.0,3,low disruption
44,millennials,australia,instagram,posts,6,3.0,8,high disruption
52,gen x,brazil,youtube,reels,237,10.0,6,moderate disruption
53,gen x,germany,tiktok,live,255,3.0,2,low disruption
34,millennials,canada,facebook,posts,325,9.0,6,moderate disruption
23,gen z,australia,x,shorts,112,3.0,5,moderate disruption
63,gen x,uk,tiktok,reels,280,1.0,3,low disruption
60,gen x,germany,instagram,live,184,3.0,1,low disruption
16,gen z,uk,youtube,posts,217,3.0,7,high disruption
37,millennials,canada,x,reels,297,10.0,2,low disruption
32,millennials,australia,tiktok,reels,76,7.0,1,low disruption
22,gen z,india,youtube,stories,287,9.0,1,low disruption
40,millennials,brazil,youtube,reels,179,8.0,7,high disruption
60,gen x,australia,youtube,posts,127,6.0,1,low disruption
19,gen z,brazil,instagram,shorts,231,7.0,9,high disruption
51,gen x,canada,facebook,stories,305,6.0,6,moderate disruption
21,gen z,australia,youtube,posts,87,7.0,4,moderate disruption
46,gen x,brazil,x,posts,257,3.0,4,moderate disruption
34,millennials,pakistan,tiktok,posts,150,4.0,5,moderate disruption
59,gen x,brazil,x,live,124,6.0,2,low disruption
54,gen x,australia,instagram,live,69,1.0,5,moderate disruption
42,millennials,usa,instagram,shorts,285,5.0,2,low disruption
25,gen z,australia,x,posts,287,9.0,4,moderate disruption
41,millennials,australia,facebook,live,110,5.0,10,high disruption
34,millennials,brazil,instagram,live,304,6.0,5,moderate disruption
54,gen x,uk,instagram,live,111,2.0,6,moderate disruption
18,gen z,india,x,shorts,40,8.0,6,moderate disruption
60,gen x,uk,instagram,shorts,151,4.0,9,high disruption
28,gen z,brazil,facebook,posts,266,10.0,4,moderate disruption
43,millennials,uk,facebook,stories,163,10.0,5,moderate disruption
35,millennials,germany,facebook,posts,269,9.0,6,moderate disruption
43,millennials,usa,tiktok,live,206,1.0,4,moderate disruption
23,gen z,uk,facebook,live,159,4.0,6,moderate disruption
56,gen x,pakistan,facebook,reels,17,9.0,2,low disruption
54,gen x,canada,tiktok,posts,301,8.0,7,high disruption
16,gen z,pakistan,youtube,live,326,9.0,3,low disruption
18,gen z,canada,instagram,live,89,6.0,10,high disruption
28,gen z,australia,facebook,stories,284,5.0,4,moderate disruption
43,millennials,germany,instagram,reels,249,2.0,9,high disruption
64,gen x,usa,x,posts,304,8.0,5,moderate disruption
40,millennials,pakistan,instagram,shorts,358,8.0,9,high disruption
48,gen x,usa,tiktok,posts,320,1.0,10,high disruption
53,gen x,pakistan,instagram,posts,13,2.0,10,high disruption
21,gen z,australia,instagram,stories,251,6.0,10,high disruption
59,gen x,canada,instagram,posts,316,7.0,10,high disruption
60,gen x,india,youtube,stories,282,2.0,6,moderate disruption
47,gen x,germany,youtube,stories,242,3.0,8,high disruption
60,gen x,pakistan,x,live,207,2.0,5,moderate disruption
62,gen x,pakistan,tiktok,shorts,251,3.0,5,moderate disruption
36,millennials,australia,instagram,stories,239,9.0,3,low disruption
31,millennials,germany,instagram,reels,85,7.0,7,high disruption
36,millennials,canada,instagram,reels,17,8.0,2,low disruption
26,gen z,canada,instagram,shorts,331,8.0,3,low disruption
52,gen x,pakistan,youtube,stories,20,4.0,2,low disruption
51,gen x,india,x,shorts,49,8.0,8,high disruption
50,gen x,india,facebook,live,325,10.0,4,moderate disruption
34,millennials,usa,tiktok,reels,143,7.0,10,high disruption
35,millennials,germany,instagram,posts,330,4.0,8,high disruption
33,millennials,germany,x,reels,152,7.0,8,high disruption
62,gen x,canada,facebook,stories,359,9.0,8,high disruption
56,gen x,usa,x,shorts,240,2.0,8,high disruption
64,gen x,australia,youtube,reels,195,3.0,8,high disruption
29,gen z,germany,facebook,posts,105,9.0,9,high disruption
30,millennials,usa,x,posts,109,9.0,2,low disruption
46,gen x,usa,youtube,shorts,254,5.0,9,high disruption
16,gen z,pakistan,x,shorts,98,4.0,8,high disruption
18,gen z,canada,x,reels,224,3.0,10,high disruption
31,millennials,usa,facebook,stories,302,5.0,1,low disruption
38,millennials,brazil,youtube,live,343,9.0,5,moderate disruption
26,gen z,india,instagram,posts,137,2.0,2,low disruption
27,gen z,brazil,tiktok,shorts,159,4.0,10,high disruption
25,gen z,india,facebook,live,32,9.0,5,moderate disruption
47,gen x,uk,youtube,live,286,4.0,8,high disruption
31,millennials,canada,x,live,120,8.0,9,high disruption
23,gen z,pakistan,youtube,stories,309,4.0,9,high disruption
53,gen x,australia,tiktok,shorts,238,8.0,1,low disruption
27,gen z,brazil,tiktok,posts,5,10.0,7,high disruption
39,millennials,brazil,instagram,shorts,352,4.0,8,high disruption
43,millennials,uk,instagram,reels,244,9.0,10,high disruption
23,gen z,india,tiktok,posts,62,10.0,3,low disruption
43,millennials,pakistan,facebook,shorts,339,10.0,6,moderate disruption
51,gen x,uk,facebook,posts,187,5.0,3,low disruption
41,millennials,canada,x,reels,341,5.0,9,high disruption
23,gen z,pakistan,instagram,posts,30,3.0,3,low disruption
43,millennials,canada,x,live,81,3.0,2,low disruption
43,millennials,usa,instagram,stories,221,5.0,9,high disruption
52,gen x,germany,tiktok,reels,332,2.0,8,high disruption
56,gen x,usa,facebook,posts,329,7.0,8,high disruption
51,gen x,canada,facebook,reels,266,6.0,2,low disruption
42,millennials,brazil,tiktok,live,27,9.0,6,moderate disruption
32,millennials,pakistan,x,stories,248,8.0,5,moderate disruption
24,gen z,india,x,reels,162,4.0,2,low disruption
48,gen x,australia,youtube,live,210,5.0,5,moderate disruption
35,millennials,india,instagram,live,314,8.0,4,moderate disruption
28,gen z,pakistan,x,live,91,2.0,9,high disruption
43,millennials,usa,tiktok,posts,271,1.0,1,low disruption
63,gen x,australia,x,shorts,138,9.0,6,moderate disruption
44,millennials,pakistan,facebook,reels,271,2.0,7,high disruption
28,gen z,canada,instagram,shorts,337,9.0,6,moderate disruption
61,gen x,brazil,youtube,live,272,9.0,5,moderate disruption
50,gen x,india,instagram,shorts,57,5.0,4,moderate disruption
21,gen z,canada,facebook,live,103,8.0,5,moderate disruption
33,millennials,australia,facebook,live,251,4.0,9,high disruption
20,gen z,australia,facebook,stories,40,9.0,5,moderate disruption
62,gen x,india,facebook,stories,32,8.0,10,high disruption
40,millennials,canada,tiktok,shorts,224,1.0,8,high disruption
17,gen z,uk,youtube,reels,106,6.0,7,high disruption
25,gen z,canada,facebook,shorts,267,7.0,4,moderate disruption
45,millennials,australia,facebook,reels,275,1.0,10,high disruption
60,gen x,canada,x,shorts,228,10.0,5,moderate disruption
20,gen z,brazil,youtube,posts,143,4.0,7,high disruption
48,gen x,pakistan,instagram,posts,284,5.0,6,moderate disruption
16,gen z,usa,youtube,reels,290,2.0,3,low disruption
33,millennials,brazil,youtube,stories,254,6.0,10,high disruption
47,gen x,uk,youtube,reels,326,8.0,3,low disruption
62,gen x,germany,facebook,shorts,321,6.0,2,low disruption
64,gen x,pakistan,facebook,live,82,8.0,3,low disruption
26,gen z,usa,tiktok,posts,301,7.0,10,high disruption
36,millennials,germany,instagram,live,342,3.0,1,low disruption
41,millennials,india,x,posts,311,5.0,9,high disruption
40,millennials,germany,youtube,shorts,355,2.0,2,low disruption
37,millennials,pakistan,instagram,posts,17,1.0,3,low disruption
42,millennials,canada,instagram,reels,350,1.0,5,moderate disruption
64,gen x,pakistan,tiktok,live,86,9.0,10,high disruption
28,gen z,brazil,x,live,13,10.0,4,moderate disruption
48,gen x,germany,youtube,shorts,217,1.0,5,moderate disruption
49,gen x,australia,x,live,52,4.0,6,moderate disruption
56,gen x,usa,tiktok,shorts,53,2.0,5,moderate disruption
50,gen x,usa,facebook,stories,313,8.0,10,high disruption
16,gen z,germany,instagram,reels,44,5.0,1,low disruption
36,millennials,usa,youtube,posts,284,6.0,6,moderate disruption
63,gen x,australia,facebook,posts,230,6.0,9,high disruption
21,gen z,pakistan,tiktok,posts,112,7.0,3,low disruption
43,millennials,usa,x,stories,249,4.0,2,low disruption
32,millennials,germany,instagram,reels,259,2.0,6,moderate disruption
20,gen z,uk,youtube,live,37,1.0,3,low disruption
46,gen x,uk,facebook,live,27,5.0,4,moderate disruption
20,gen z,india,facebook,reels,337,9.0,6,moderate disruption
53,gen x,brazil,instagram,reels,58,3.0,6,moderate disruption
18,gen z,usa,x,posts,313,2.0,2,low disruption
38,millennials,brazil,tiktok,live,53,9.0,3,low disruption
52,gen x,pakistan,x,reels,82,2.0,9,high disruption
52,gen x,germany,x,live,340,1.0,2,low disruption
25,gen z,usa,x,reels,126,9.0,3,low disruption
25,gen z,canada,instagram,shorts,94,7.0,9,high disruption
34,millennials,australia,instagram,posts,350,5.0,4,moderate disruption
32,millennials,usa,tiktok,reels,197,8.0,1,low disruption
36,millennials,usa,x,stories,248,8.0,2,low disruption
29,gen z,brazil,instagram,reels,153,1.0,3,low disruption
24,gen z,brazil,tiktok,shorts,150,7.0,9,high disruption
61,gen x,uk,tiktok,stories,320,7.0,9,high disruption
16,gen z,australia,x,stories,145,10.0,6,moderate disruption
60,gen x,germany,youtube,reels,290,10.0,6,moderate disruption
28,gen z,usa,x,shorts,343,4.0,3,low disruption
19,gen z,uk,youtube,stories,115,6.0,5,moderate disruption
16,gen z,brazil,tiktok,posts,112,2.0,4,moderate disruption
64,gen x,india,instagram,posts,285,1.0,10,high disruption
55,gen x,australia,facebook,live,54,5.0,10,high disruption
47,gen x,uk,tiktok,live,18,7.0,9,high disruption
49,gen x,uk,instagram,shorts,138,6.0,9,high disruption
43,millennials,pakistan,tiktok,stories,80,5.0,1,low disruption
46,gen x,uk,x,posts,88,8.0,8,high disruption
23,gen z,pakistan,youtube,posts,347,8.0,9,high disruption
54,gen x,usa,tiktok,shorts,162,7.0,5,moderate disruption
41,millennials,usa,instagram,stories,290,1.0,4,moderate disruption
49,gen x,brazil,x,shorts,318,8.0,10,high disruption
18,gen z,india,facebook,reels,98,9.0,4,moderate disruption
27,gen z,canada,x,posts,301,1.0,2,low disruption
16,gen z,canada,youtube,shorts,98,4.0,9,high disruption
59,gen x,canada,x,shorts,61,10.0,5,moderate disruption
20,gen z,brazil,facebook,reels,168,6.0,3,low disruption
45,millennials,pakistan,instagram,live,324,5.0,6,moderate disruption
45,millennials,brazil,tiktok,posts,102,2.0,9,high disruption
32,millennials,australia,youtube,shorts,20,6.0,9,high disruption
63,gen x,australia,facebook,posts,348,5.0,5,moderate disruption
62,gen x,india,youtube,live,82,2.0,8,high disruption
38,millennials,australia,x,shorts,350,5.0,4,moderate disruption
30,millennials,canada,youtube,reels,76,2.0,5,moderate disruption
52,gen x,canada,facebook,posts,274,7.0,7,high disruption
36,millennials,brazil,tiktok,reels,291,10.0,7,high disruption
29,gen z,uk,tiktok,live,70,5.0,7,high disruption
17,gen z,australia,youtube,live,72,7.0,8,high disruption
26,gen z,brazil,instagram,posts,197,5.0,5,moderate disruption
54,gen x,usa,youtube,live,59,2.0,1,low disruption
53,gen x,usa,x,stories,172,10.0,9,high disruption
49,gen x,uk,tiktok,posts,29,2.0,9,high disruption
53,gen x,uk,tiktok,stories,135,2.0,7,high disruption
49,gen x,uk,tiktok,live,329,5.0,6,moderate disruption
33,millennials,brazil,instagram,posts,106,7.0,5,moderate disruption
45,millennials,usa,instagram,stories,286,4.0,5,moderate disruption
30,millennials,canada,facebook,live,300,2.0,3,low disruption
42,millennials,uk,youtube,shorts,298,8.0,10,high disruption
49,gen x,india,youtube,shorts,267,4.0,1,low disruption
53,gen x,pakistan,x,reels,124,2.0,6,moderate disruption
48,gen x,brazil,tiktok,shorts,235,4.0,8,high disruption
39,millennials,uk,instagram,stories,295,3.0,2,low disruption
30,millennials,pakistan,x,shorts,165,5.0,8,high disruption
45,millennials,germany,x,posts,165,7.0,8,high disruption
57,gen x,uk,instagram,posts,82,8.0,10,high disruption
32,millennials,usa,youtube,posts,42,3.0,8,high disruption
20,gen z,australia,tiktok,shorts,32,2.0,10,high disruption
44,millennials,uk,youtube,shorts,104,1.0,3,low disruption
19,gen z,brazil,x,reels,298,3.0,10,high disruption
25,gen z,australia,tiktok,live,128,1.0,8,high disruption
32,millennials,germany,facebook,reels,96,4.0,4,moderate disruption
25,gen z,india,x,stories,259,2.0,3,low disruption
32,millennials,australia,youtube,posts,101,6.0,9,high disruption
35,millennials,pakistan,youtube,shorts,10,4.0,8,high disruption
39,millennials,canada,youtube,live,173,1.0,10,high disruption
20,gen z,uk,instagram,live,275,4.0,2,low disruption
49,gen x,germany,x,shorts,112,2.0,8,high disruption
21,gen z,germany,tiktok,reels,303,7.0,3,low disruption
17,gen z,australia,youtube,live,51,4.0,10,high disruption
28,gen z,india,youtube,reels,103,2.0,6,moderate disruption
58,gen x,usa,instagram,shorts,18,4.0,5,moderate disruption
58,gen x,uk,tiktok,reels,198,3.0,8,high disruption
63,gen x,germany,x,posts,161,8.0,9,high disruption
26,gen z,india,facebook,shorts,158,10.0,7,high disruption
62,gen x,canada,instagram,shorts,119,1.0,6,moderate disruption
38,millennials,germany,x,live,262,7.0,6,moderate disruption
31,millennials,india,facebook,live,149,3.0,1,low disruption
46,gen x,brazil,youtube,live,295,1.0,5,moderate disruption
26,gen z,usa,youtube,posts,14,1.0,8,high disruption
31,millennials,usa,tiktok,posts,218,9.0,6,moderate disruption
23,gen z,germany,facebook,stories,237,4.0,1,low disruption
19,gen z,pakistan,youtube,shorts,175,10.0,5,moderate disruption
55,gen x,germany,youtube,live,25,5.0,5,moderate disruption
19,gen z,australia,tiktok,shorts,19,2.0,3,low disruption
40,millennials,uk,x,reels,130,8.0,8,high disruption
18,gen z,india,youtube,posts,345,9.0,9,high disruption
47,gen x,germany,instagram,stories,345,8.0,6,moderate disruption
18,gen z,uk,instagram,reels,217,8.0,6,moderate disruption
42,millennials,australia,x,shorts,192,4.0,2,low disruption
44,millennials,brazil,facebook,posts,176,1.0,10,high disruption
47,gen x,brazil,tiktok,live,251,2.0,2,low disruption
34,millennials,uk,instagram,reels,9,5.0,6,moderate disruption
36,millennials,germany,instagram,posts,235,10.0,8,high disruption
20,gen z,usa,x,shorts,205,7.0,2,low disruption
33,millennials,india,facebook,shorts,153,8.0,9,high disruption
43,millennials,india,facebook,reels,76,3.0,9,high disruption
57,gen x,brazil,x,reels,230,7.0,4,moderate disruption
37,millennials,brazil,instagram,reels,78,9.0,4,moderate disruption
36,millennials,usa,tiktok,stories,311,5.0,4,moderate disruption
21,gen z,pakistan,instagram,live,173,5.0,5,moderate disruption
16,gen z,germany,facebook,posts,253,7.0,8,high disruption
20,gen z,brazil,instagram,shorts,284,6.0,2,low disruption
56,gen x,brazil,tiktok,shorts,156,10.0,5,moderate disruption
27,gen z,brazil,youtube,live,228,5.0,2,low disruption
41,millennials,india,instagram,reels,229,2.0,8,high disruption
61,gen x,germany,x,reels,42,5.0,1,low disruption
49,gen x,australia,youtube,shorts,48,3.0,7,high disruption
64,gen x,germany,x,live,189,6.0,3,low disruption
29,gen z,uk,x,shorts,245,2.0,4,moderate disruption
41,millennials,usa,x,reels,335,10.0,8,high disruption
60,gen x,pakistan,instagram,posts,355,9.0,3,low disruption
42,millennials,brazil,facebook,reels,214,2.0,7,high disruption
24,gen z,brazil,youtube,posts,27,2.0,1,low disruption
41,millennials,germany,tiktok,stories,128,5.0,9,high disruption
62,gen x,pakistan,facebook,live,90,8.0,6,moderate disruption
37,millennials,brazil,instagram,stories,47,3.0,3,low disruption
62,gen x,pakistan,x,reels,44,1.0,7,high disruption
45,millennials,australia,tiktok,live,307,6.0,5,moderate disruption
58,gen x,canada,youtube,reels,173,7.0,8,high disruption
63,gen x,usa,facebook,live,179,3.0,8,high disruption
32,millennials,pakistan,facebook,live,24,8.0,9,high disruption
41,millennials,india,tiktok,reels,113,10.0,6,moderate disruption
51,gen x,uk,instagram,reels,197,2.0,4,moderate disruption
16,gen z,india,youtube,live,248,5.0,2,low disruption
23,gen z,brazil,tiktok,live,328,1.0,3,low disruption
64,gen x,australia,x,reels,284,2.0,5,moderate disruption
50,gen x,australia,youtube,reels,232,1.0,8,high disruption
30,millennials,india,facebook,shorts,40,4.0,10,high disruption
62,gen x,usa,tiktok,shorts,49,8.0,2,low disruption
37,millennials,india,facebook,shorts,32,6.0,5,moderate disruption
29,gen z,germany,facebook,stories,158,3.0,9,high disruption
41,millennials,brazil,facebook,live,27,1.0,2,low disruption
43,millennials,brazil,instagram,posts,211,6.0,8,high disruption
38,millennials,india,facebook,stories,95,2.0,3,low disruption
29,gen z,uk,x,live,42,4.0,8,high disruption
39,millennials,uk,x,posts,232,5.0,4,moderate disruption
17,gen z,brazil,youtube,shorts,206,9.0,4,moderate disruption
60,gen x,canada,facebook,posts,354,1.0,7,high disruption
41,millennials,uk,facebook,reels,313,7.0,5,moderate disruption
29,gen z,india,tiktok,reels,258,1.0,4,moderate disruption
22,gen z,uk,instagram,live,42,6.0,7,high disruption
18,gen z,brazil,youtube,stories,225,6.0,3,low disruption
62,gen x,usa,facebook,shorts,191,8.0,9,high disruption
38,millennials,pakistan,tiktok,live,47,6.0,5,moderate disruption
61,gen x,uk,instagram,shorts,118,4.0,3,low disruption
58,gen x,germany,youtube,reels,264,3.0,2,low disruption
62,gen x,usa,youtube,stories,9,1.0,7,high disruption
60,gen x,canada,facebook,stories,72,6.0,7,high disruption
33,millennials,germany,youtube,reels,232,9.0,5,moderate disruption
53,gen x,india,tiktok,posts,127,5.0,4,moderate disruption
50,gen x,pakistan,youtube,stories,177,8.0,2,low disruption
30,millennials,india,x,posts,340,3.0,2,low disruption
40,millennials,pakistan,tiktok,shorts,157,5.0,7,high disruption
52,gen x,pakistan,instagram,stories,271,4.0,10,high disruption
43,millennials,india,instagram,reels,161,2.0,7,high disruption
25,gen z,germany,facebook,posts,166,4.0,4,moderate disruption
54,gen x,germany,facebook,shorts,218,8.0,4,moderate disruption
32,millennials,pakistan,x,shorts,30,4.0,4,moderate disruption
54,gen x,germany,instagram,stories,296,7.0,2,low disruption
37,millennials,pakistan,instagram,stories,193,8.0,9,high disruption
41,millennials,brazil,instagram,live,126,4.0,1,low disruption
59,gen x,pakistan,instagram,live,234,8.0,8,high disruption
40,millennials,brazil,youtube,stories,63,4.0,6,moderate disruption
32,millennials,usa,tiktok,live,100,3.0,10,high disruption
28,gen z,australia,tiktok,reels,266,3.0,7,high disruption
35,millennials,usa,x,reels,358,2.0,5,moderate disruption
40,millennials,india,youtube,live,316,8.0,6,moderate disruption
19,gen z,australia,instagram,stories,140,9.0,6,moderate disruption
25,gen z,uk,instagram,reels,354,3.0,9,high disruption
18,gen z,india,facebook,shorts,287,1.0,10,high disruption
56,gen x,canada,facebook,stories,124,3.0,4,moderate disruption
60,gen x,usa,x,posts,29,7.0,5,moderate disruption
33,millennials,germany,instagram,posts,346,4.0,4,moderate disruption
62,gen x,usa,x,stories,150,6.0,1,low disruption
51,gen x,germany,youtube,live,16,8.0,10,high disruption
62,gen x,australia,tiktok,reels,91,4.0,6,moderate disruption
37,millennials,canada,instagram,reels,113,10.0,5,moderate disruption
49,gen x,australia,youtube,stories,349,3.0,4,moderate disruption
62,gen x,canada,instagram,shorts,270,10.0,6,moderate disruption
23,gen z,usa,facebook,live,226,2.0,5,moderate disruption
55,gen x,germany,x,shorts,78,2.0,3,low disruption
64,gen x,australia,facebook,stories,337,8.0,2,low disruption
59,gen x,canada,tiktok,stories,314,7.0,6,moderate disruption
34,millennials,pakistan,facebook,shorts,106,8.0,4,moderate disruption
57,gen x,india,instagram,posts,141,4.0,10,high disruption
56,gen x,india,facebook,stories,195,9.0,3,low disruption
52,gen x,australia,instagram,live,146,2.0,8,high disruption
21,gen z,germany,tiktok,shorts,77,1.0,9,high disruption
41,millennials,pakistan,facebook,posts,332,3.0,7,high disruption
49,gen x,australia,x,shorts,171,8.0,2,low disruption
60,gen x,usa,x,posts,172,7.0,8,high disruption
21,gen z,canada,x,posts,58,5.0,5,moderate disruption
52,gen x,brazil,facebook,live,263,3.0,10,high disruption
48,gen x,usa,facebook,stories,115,1.0,7,high disruption
37,millennials,india,facebook,posts,236,4.0,5,moderate disruption
36,millennials,canada,instagram,stories,165,5.0,2,low disruption
21,gen z,australia,tiktok,live,356,7.0,4,moderate disruption
21,gen z,usa,x,stories,331,7.0,5,moderate disruption
63,gen x,uk,instagram,reels,23,10.0,6,moderate disruption
19,gen z,brazil,x,posts,294,1.0,5,moderate disruption
45,millennials,germany,instagram,live,54,4.0,10,high disruption
26,gen z,pakistan,facebook,shorts,179,5.0,1,low disruption
45,millennials,pakistan,x,live,306,7.0,1,low disruption
46,gen x,germany,facebook,posts,188,5.0,3,low disruption
39,millennials,uk,x,live,189,9.0,9,high disruption
24,gen z,india,youtube,shorts,343,6.0,2,low disruption
18,gen z,canada,instagram,reels,311,1.0,10,high disruption
46,gen x,germany,youtube,posts,314,2.0,5,moderate disruption
55,gen x,uk,instagram,posts,350,8.0,9,high disruption
52,gen x,australia,tiktok,live,85,7.0,7,high disruption
51,gen x,brazil,x,stories,160,2.0,8,high disruption
39,millennials,pakistan,tiktok,stories,279,1.0,2,low disruption
46,gen x,brazil,tiktok,shorts,287,6.0,5,moderate disruption
21,gen z,uk,instagram,reels,253,7.0,9,high disruption
17,gen z,brazil,youtube,reels,151,2.0,1,low disruption
35,millennials,india,facebook,live,11,5.0,1,low disruption
43,millennials,india,instagram,live,161,3.0,10,high disruption
26,gen z,usa,facebook,stories,175,9.0,8,high disruption
19,gen z,germany,tiktok,reels,73,3.0,2,low disruption
30,millennials,usa,facebook,reels,98,7.0,9,high disruption
21,gen z,brazil,youtube,reels,190,5.0,10,high disruption
64,gen x,pakistan,instagram,shorts,174,1.0,9,high disruption
45,millennials,uk,youtube,shorts,208,5.0,4,moderate disruption
53,gen x,canada,youtube,live,46,1.0,2,low disruption
17,gen z,brazil,instagram,stories,17,7.0,3,low disruption
30,millennials,canada,youtube,posts,158,6.0,10,high disruption
26,gen z,india,x,stories,278,1.0,1,low disruption
23,gen z,canada,x,shorts,302,2.0,3,low disruption
41,millennials,canada,x,shorts,55,8.0,5,moderate disruption
60,gen x,pakistan,facebook,live,216,3.0,3,low disruption
59,gen x,canada,youtube,posts,148,5.0,3,low disruption
20,gen z,brazil,instagram,reels,7,3.0,10,high disruption
21,gen z,uk,instagram,posts,258,9.0,6,moderate disruption
41,millennials,canada,facebook,posts,339,6.0,3,low disruption
19,gen z,australia,instagram,posts,260,7.0,3,low disruption
34,millennials,canada,x,live,102,1.0,9,high disruption
35,millennials,canada,youtube,shorts,177,1.0,2,low disruption
48,gen x,usa,instagram,reels,154,3.0,1,low disruption
35,millennials,uk,instagram,posts,283,3.0,10,high disruption
64,gen x,brazil,tiktok,reels,63,7.0,8,high disruption
27,gen z,india,tiktok,posts,117,6.0,3,low disruption
62,gen x,usa,tiktok,shorts,328,4.0,7,high disruption
16,gen z,brazil,youtube,reels,247,7.0,2,low disruption
41,millennials,germany,x,stories,314,2.0,8,high disruption
29,gen z,uk,x,shorts,61,1.0,9,high disruption
53,gen x,australia,x,reels,64,9.0,8,high disruption
52,gen x,uk,youtube,posts,333,6.0,8,high disruption
26,gen z,germany,youtube,posts,220,7.0,8,high disruption
51,gen x,germany,tiktok,shorts,237,3.0,7,high disruption
28,gen z,germany,instagram,shorts,59,4.0,2,low disruption
58,gen x,pakistan,facebook,posts,212,1.0,8,high disruption
18,gen z,india,facebook,reels,67,9.0,5,moderate disruption
48,gen x,canada,instagram,stories,188,6.0,6,moderate disruption
21,gen z,uk,tiktok,live,315,1.0,4,moderate disruption
25,gen z,brazil,instagram,shorts,285,8.0,1,low disruption
20,gen z,pakistan,instagram,posts,30,5.0,5,moderate disruption
38,millennials,brazil,facebook,reels,181,8.0,3,low disruption
25,gen z,canada,tiktok,shorts,67,1.0,9,high disruption
59,gen x,canada,youtube,reels,77,1.0,4,moderate disruption
17,gen z,australia,facebook,shorts,339,2.0,10,high disruption
28,gen z,germany,youtube,posts,171,3.0,2,low disruption
55,gen x,india,tiktok,reels,229,8.0,4,moderate disruption
17,gen z,australia,instagram,posts,69,7.0,3,low disruption
35,millennials,usa,x,reels,73,6.0,3,low disruption
16,gen z,pakistan,x,shorts,13,9.0,5,moderate disruption
52,gen x,pakistan,tiktok,live,240,3.0,1,low disruption
24,gen z,india,x,live,202,9.0,5,moderate disruption
32,millennials,canada,youtube,stories,177,9.0,8,high disruption
24,gen z,brazil,x,stories,286,5.0,10,high disruption
26,gen z,pakistan,tiktok,posts,32,1.0,9,high disruption
30,millennials,india,tiktok,reels,300,7.0,1,low disruption
39,millennials,pakistan,youtube,stories,138,4.0,2,low disruption
53,gen x,pakistan,x,shorts,31,8.0,2,low disruption
50,gen x,germany,x,live,42,2.0,6,moderate disruption
45,millennials,usa,instagram,reels,200,6.0,1,low disruption
46,gen x,germany,facebook,live,207,5.0,1,low disruption
64,gen x,usa,tiktok,reels,89,1.0,2,low disruption
20,gen z,pakistan,instagram,stories,324,4.0,4,moderate disruption
59,gen x,australia,tiktok,stories,34,1.0,2,low disruption
29,gen z,brazil,instagram,posts,103,5.0,4,moderate disruption
26,gen z,canada,facebook,reels,194,9.0,3,low disruption
24,gen z,pakistan,instagram,shorts,16,3.0,3,low disruption
49,gen x,usa,tiktok,stories,95,8.0,9,high disruption
27,gen z,usa,x,posts,34,2.0,8,high disruption
50,gen x,usa,tiktok,stories,217,7.0,10,high disruption
50,gen x,pakistan,youtube,live,42,9.0,9,high disruption
16,gen z,india,youtube,stories,345,4.0,1,low disruption
55,gen x,australia,youtube,reels,64,9.0,5,moderate disruption
37,millennials,india,youtube,posts,298,5.0,4,moderate disruption
44,millennials,canada,facebook,reels,147,4.0,9,high disruption
23,gen z,pakistan,x,shorts,184,9.0,3,low disruption
26,gen z,usa,x,shorts,289,1.0,5,moderate disruption
56,gen x,australia,tiktok,stories,116,1.0,8,high disruption
52,gen x,australia,instagram,posts,234,6.0,10,high disruption
29,gen z,uk,tiktok,posts,25,8.0,5,moderate disruption
45,millennials,canada,tiktok,posts,149,8.0,9,high disruption
50,gen x,brazil,tiktok,posts,150,1.0,2,low disruption
36,millennials,brazil,tiktok,stories,320,10.0,6,moderate disruption
52,gen x,australia,x,reels,170,7.0,5,moderate disruption
20,gen z,pakistan,instagram,stories,144,10.0,9,high disruption
34,millennials,usa,tiktok,reels,207,4.0,7,high disruption
29,gen z,usa,x,live,248,7.0,8,high disruption
41,millennials,australia,tiktok,live,117,9.0,7,high disruption
19,gen z,india,youtube,reels,205,4.0,10,high disruption
40,millennials,canada,tiktok,stories,318,10.0,10,high disruption
60,gen x,usa,tiktok,shorts,263,3.0,5,moderate disruption
57,gen x,australia,facebook,stories,259,4.0,5,moderate disruption
40,millennials,usa,youtube,shorts,27,9.0,4,moderate disruption
33,millennials,brazil,instagram,stories,250,10.0,2,low disruption
55,gen x,australia,tiktok,posts,343,3.0,9,high disruption
23,gen z,canada,instagram,posts,315,2.0,10,high disruption
54,gen x,australia,youtube,live,322,8.0,10,high disruption
55,gen x,uk,tiktok,live,91,9.0,10,high disruption
29,gen z,australia,facebook,reels,223,6.0,10,high disruption
47,gen x,australia,x,shorts,31,7.0,3,low disruption
53,gen x,pakistan,facebook,posts,294,8.0,3,low disruption
48,gen x,brazil,facebook,stories,293,2.0,3,low disruption
38,millennials,canada,x,reels,352,10.0,8,high disruption
30,millennials,pakistan,x,stories,227,4.0,6,moderate disruption
48,gen x,australia,x,posts,356,6.0,1,low disruption
40,millennials,canada,tiktok,posts,182,5.0,3,low disruption
32,millennials,uk,instagram,posts,152,5.0,4,moderate disruption
48,gen x,canada,instagram,posts,231,7.0,2,low disruption
62,gen x,usa,x,stories,355,10.0,6,moderate disruption
17,gen z,pakistan,facebook,reels,190,7.0,10,high disruption
29,gen z,canada,youtube,posts,298,8.0,1,low disruption
55,gen x,brazil,x,live,45,1.0,1,low disruption
55,gen x,uk,facebook,reels,195,8.0,8,high disruption
54,gen x,germany,facebook,live,83,3.0,4,moderate disruption
21,gen z,australia,tiktok,stories,209,2.0,1,low disruption
21,gen z,canada,tiktok,posts,282,2.0,7,high disruption
18,gen z,australia,instagram,reels,276,7.0,9,high disruption
22,gen z,india,instagram,posts,36,10.0,10,high disruption
23,gen z,usa,youtube,posts,146,7.0,7,high disruption
57,gen x,pakistan,youtube,reels,255,3.0,1,low disruption
30,millennials,usa,youtube,posts,298,2.0,1,low disruption
62,gen x,india,youtube,posts,102,6.0,1,low disruption
44,millennials,india,facebook,shorts,140,1.0,8,high disruption
48,gen x,pakistan,facebook,shorts,281,4.0,7,high disruption
45,millennials,canada,instagram,reels,316,7.0,3,low disruption
54,gen x,india,tiktok,reels,306,10.0,3,low disruption
42,millennials,germany,tiktok,posts,47,5.0,3,low disruption
51,gen x,australia,x,live,124,2.0,2,low disruption
44,millennials,australia,facebook,reels,224,8.0,4,moderate disruption
53,gen x,uk,youtube,posts,50,8.0,7,high disruption
48,gen x,brazil,youtube,live,240,9.0,9,high disruption
52,gen x,india,x,shorts,52,3.0,3,low disruption
42,millennials,india,tiktok,reels,202,4.0,10,high disruption
48,gen x,germany,youtube,posts,88,10.0,7,high disruption
19,gen z,usa,tiktok,shorts,35,2.0,4,moderate disruption
37,millennials,usa,x,stories,165,7.0,1,low disruption
17,gen z,australia,tiktok,shorts,75,3.0,5,moderate disruption
25,gen z,australia,tiktok,posts,12,5.0,8,high disruption
20,gen z,canada,tiktok,live,56,8.0,3,low disruption
25,gen z,pakistan,youtube,stories,49,5.0,10,high disruption
48,gen x,brazil,instagram,stories,297,8.0,4,moderate disruption
53,gen x,germany,facebook,stories,304,5.0,3,low disruption
28,gen z,pakistan,tiktok,reels,42,10.0,10,high disruption
46,gen x,pakistan,tiktok,posts,359,5.0,8,high disruption
62,gen x,uk,tiktok,stories,235,2.0,10,high disruption
51,gen x,pakistan,instagram,shorts,266,4.0,8,high disruption
60,gen x,uk,x,live,72,8.0,4,moderate disruption
39,millennials,pakistan,youtube,posts,183,9.0,2,low disruption
30,millennials,germany,instagram,shorts,190,5.0,3,low disruption
44,millennials,uk,tiktok,reels,205,6.0,3,low disruption
23,gen z,usa,instagram,stories,17,9.0,4,moderate disruption
20,gen z,uk,instagram,shorts,218,8.0,2,low disruption
44,millennials,uk,instagram,posts,224,7.0,2,low disruption
62,gen x,germany,x,shorts,290,8.0,3,low disruption
19,gen z,germany,facebook,reels,248,6.0,1,low disruption
27,gen z,uk,youtube,live,262,1.0,8,high disruption
60,gen x,brazil,x,stories,62,1.0,6,moderate disruption
17,gen z,india,x,posts,40,10.0,3,low disruption
42,millennials,brazil,facebook,stories,332,2.0,1,low disruption
46,gen x,germany,x,stories,197,4.0,3,low disruption
51,gen x,brazil,instagram,stories,337,9.0,1,low disruption
51,gen x,brazil,instagram,shorts,54,2.0,3,low disruption
41,millennials,canada,tiktok,shorts,36,9.0,4,moderate disruption
58,gen x,canada,x,live,102,8.0,6,moderate disruption
42,millennials,usa,tiktok,reels,47,10.0,7,high disruption
20,gen z,pakistan,youtube,posts,355,3.0,7,high disruption
35,millennials,uk,instagram,shorts,338,4.0,9,high disruption
26,gen z,india,youtube,stories,314,9.0,8,high disruption
25,gen z,usa,facebook,reels,51,3.0,4,moderate disruption
55,gen x,uk,instagram,posts,274,6.0,6,moderate disruption
53,gen x,brazil,youtube,posts,315,7.0,1,low disruption
21,gen z,germany,facebook,posts,67,3.0,8,high disruption
23,gen z,canada,youtube,posts,23,9.0,6,moderate disruption
38,millennials,australia,facebook,live,351,7.0,2,low disruption
62,gen x,india,facebook,posts,105,1.0,8,high disruption
41,millennials,brazil,instagram,reels,41,2.0,4,moderate disruption
61,gen x,australia,tiktok,shorts,111,2.0,9,high disruption
58,gen x,canada,facebook,reels,96,3.0,4,moderate disruption
27,gen z,brazil,facebook,stories,312,7.0,1,low disruption
41,millennials,pakistan,instagram,live,189,1.0,7,high disruption
28,gen z,pakistan,tiktok,live,220,4.0,10,high disruption
55,gen x,australia,x,stories,32,9.0,5,moderate disruption
33,millennials,germany,x,reels,40,6.0,10,high disruption
40,millennials,brazil,tiktok,reels,324,3.0,5,moderate disruption
48,gen x,uk,youtube,stories,22,10.0,4,moderate disruption
62,gen x,brazil,instagram,posts,349,3.0,6,moderate disruption
55,gen x,germany,tiktok,posts,200,9.0,1,low disruption
58,gen x,brazil,x,shorts,82,7.0,3,low disruption
27,gen z,australia,facebook,reels,171,8.0,7,high disruption
59,gen x,germany,x,reels,94,8.0,8,high disruption
51,gen x,canada,facebook,stories,268,5.0,9,high disruption
63,gen x,india,instagram,stories,212,8.0,1,low disruption
19,gen z,germany,facebook,posts,216,8.0,4,moderate disruption
20,gen z,brazil,tiktok,reels,275,4.0,2,low disruption
52,gen x,canada,facebook,reels,267,4.0,2,low disruption
23,gen z,india,youtube,live,277,9.0,1,low disruption
57,gen x,pakistan,tiktok,shorts,346,5.0,5,moderate disruption
64,gen x,uk,instagram,shorts,218,9.0,2,low disruption
43,millennials,australia,tiktok,posts,68,6.0,4,moderate disruption
46,gen x,brazil,youtube,reels,16,6.0,9,high disruption
24,gen z,brazil,instagram,live,214,1.0,3,low disruption
44,millennials,pakistan,x,reels,316,3.0,8,high disruption
29,gen z,uk,youtube,stories,178,5.0,10,high disruption
55,gen x,pakistan,instagram,posts,260,6.0,6,moderate disruption
56,gen x,usa,facebook,shorts,105,6.0,10,high disruption
37,millennials,pakistan,tiktok,reels,20,7.0,5,moderate disruption
26,gen z,canada,instagram,posts,201,7.0,2,low disruption
38,millennials,india,tiktok,shorts,262,9.0,3,low disruption
16,gen z,brazil,facebook,reels,248,3.0,8,high disruption
61,gen x,pakistan,instagram,live,352,7.0,9,high disruption
52,gen x,brazil,x,posts,253,1.0,7,high disruption
36,millennials,germany,youtube,reels,109,5.0,1,low disruption
41,millennials,uk,instagram,shorts,186,3.0,6,moderate disruption
61,gen x,pakistan,facebook,shorts,159,4.0,7,high disruption
51,gen x,india,instagram,live,291,4.0,6,moderate disruption
38,millennials,canada,tiktok,posts,173,1.0,10,high disruption
16,gen z,usa,instagram,posts,51,5.0,2,low disruption
55,gen x,brazil,x,reels,47,10.0,9,high disruption
30,millennials,uk,instagram,shorts,325,3.0,3,low disruption
36,millennials,australia,youtube,shorts,310,7.0,6,moderate disruption
62,gen x,india,instagram,live,225,6.0,6,moderate disruption
24,gen z,australia,tiktok,live,5,4.0,8,high disruption
24,gen z,india,instagram,posts,204,1.0,4,moderate disruption
25,gen z,india,x,shorts,148,3.0,6,moderate disruption
41,millennials,canada,facebook,reels,32,8.0,1,low disruption
56,gen x,canada,instagram,stories,346,3.0,9,high disruption
50,gen x,canada,instagram,reels,342,2.0,9,high disruption
40,millennials,pakistan,youtube,live,282,4.0,7,high disruption
41,millennials,germany,x,reels,45,6.0,1,low disruption
26,gen z,india,facebook,shorts,336,7.0,3,low disruption
53,gen x,uk,tiktok,posts,151,4.0,5,moderate disruption
17,gen z,australia,instagram,stories,349,5.0,4,moderate disruption
22,gen z,canada,facebook,posts,182,5.0,5,moderate disruption
33,millennials,pakistan,tiktok,stories,319,1.0,7,high disruption
42,millennials,canada,x,stories,329,4.0,9,high disruption
49,gen x,australia,x,shorts,171,6.0,1,low disruption
42,millennials,australia,facebook,shorts,127,6.0,5,moderate disruption
32,millennials,brazil,tiktok,live,78,8.0,3,low disruption
58,gen x,india,x,live,243,7.0,3,low disruption
59,gen x,canada,facebook,stories,253,3.0,2,low disruption
39,millennials,australia,x,live,267,3.0,6,moderate disruption
40,millennials,germany,x,shorts,256,5.0,6,moderate disruption
22,gen z,germany,x,live,115,7.0,3,low disruption
21,gen z,canada,youtube,stories,184,1.0,1,low disruption
39,millennials,pakistan,tiktok,posts,192,10.0,7,high disruption
48,gen x,australia,facebook,reels,312,6.0,2,low disruption
64,gen x,brazil,facebook,live,211,3.0,8,high disruption
44,millennials,india,tiktok,shorts,238,7.0,3,low disruption
58,gen x,india,tiktok,posts,28,1.0,1,low disruption
37,millennials,pakistan,tiktok,shorts,30,5.0,10,high disruption
41,millennials,brazil,tiktok,live,222,5.0,9,high disruption
43,millennials,india,instagram,stories,350,2.0,5,moderate disruption
36,millennials,brazil,facebook,reels,14,8.0,1,low disruption
64,gen x,usa,instagram,reels,21,8.0,10,high disruption
22,gen z,canada,x,posts,249,2.0,6,moderate disruption
32,millennials,india,x,reels,210,4.0,10,high disruption
35,millennials,germany,facebook,stories,262,1.0,3,low disruption
56,gen x,australia,x,shorts,116,9.0,4,moderate disruption
64,gen x,brazil,tiktok,stories,209,4.0,8,high disruption
35,millennials,brazil,instagram,posts,31,5.0,5,moderate disruption
37,millennials,uk,tiktok,posts,75,4.0,6,moderate disruption
43,millennials,pakistan,x,reels,180,3.0,10,high disruption
55,gen x,uk,instagram,stories,206,8.0,4,moderate disruption
64,gen x,india,tiktok,shorts,252,8.0,6,moderate disruption
22,gen z,uk,facebook,stories,122,5.0,3,low disruption
16,gen z,uk,tiktok,shorts,13,7.0,10,high disruption
47,gen x,usa,x,shorts,90,5.0,1,low disruption
28,gen z,brazil,instagram,stories,27,1.0,6,moderate disruption
45,millennials,germany,facebook,live,244,1.0,1,low disruption
38,millennials,pakistan,instagram,stories,77,4.0,10,high disruption
34,millennials,germany,facebook,shorts,31,8.0,3,low disruption
47,gen x,usa,instagram,posts,353,9.0,8,high disruption
45,millennials,usa,x,posts,85,1.0,7,high disruption
44,millennials,uk,facebook,reels,88,4.0,8,high disruption
64,gen x,canada,youtube,posts,203,3.0,10,high disruption
60,gen x,brazil,instagram,live,47,8.0,10,high disruption
44,millennials,australia,instagram,shorts,267,9.0,2,low disruption
45,millennials,brazil,tiktok,stories,96,2.0,10,high disruption
31,millennials,australia,facebook,stories,343,7.0,7,high disruption
55,gen x,uk,youtube,live,88,7.0,4,moderate disruption
34,millennials,australia,x,posts,304,2.0,1,low disruption
33,millennials,usa,tiktok,shorts,300,5.0,3,low disruption
16,gen z,germany,youtube,posts,139,6.0,5,moderate disruption
29,gen z,australia,facebook,reels,285,1.0,10,high disruption
62,gen x,brazil,youtube,posts,63,4.0,8,high disruption
17,gen z,pakistan,instagram,reels,346,2.0,2,low disruption
43,millennials,uk,instagram,stories,245,6.0,2,low disruption
64,gen x,canada,tiktok,shorts,346,9.0,8,high disruption
45,millennials,uk,facebook,reels,102,5.0,9,high disruption
53,gen x,india,facebook,posts,66,1.0,10,high disruption
19,gen z,uk,youtube,posts,268,1.0,1,low disruption
16,gen z,usa,tiktok,stories,117,6.0,2,low disruption
23,gen z,germany,facebook,live,150,4.0,4,moderate disruption
44,millennials,germany,instagram,live,220,6.0,3,low disruption
54,gen x,pakistan,youtube,posts,260,2.0,1,low disruption
18,gen z,australia,x,live,320,8.0,4,moderate disruption
47,gen x,usa,instagram,shorts,320,9.0,2,low disruption
25,gen z,india,tiktok,live,262,9.0,10,high disruption
25,gen z,usa,facebook,shorts,198,3.0,5,moderate disruption
34,millennials,uk,instagram,posts,351,7.0,1,low disruption
61,gen x,usa,x,posts,18,3.0,8,high disruption
49,gen x,usa,x,posts,308,8.0,10,high disruption
48,gen x,pakistan,tiktok,stories,107,2.0,2,low disruption
38,millennials,india,instagram,live,249,8.0,3,low disruption
43,millennials,uk,youtube,reels,249,5.0,3,low disruption
47,gen x,canada,instagram,reels,316,9.0,4,moderate disruption
22,gen z,pakistan,x,posts,272,8.0,7,high disruption
44,millennials,canada,tiktok,live,228,4.0,9,high disruption
23,gen z,pakistan,tiktok,shorts,224,9.0,3,low disruption
16,gen z,germany,youtube,reels,315,3.0,1,low disruption
18,gen z,brazil,tiktok,posts,221,10.0,10,high disruption
39,millennials,pakistan,tiktok,reels,8,8.0,1,low disruption
38,millennials,australia,tiktok,reels,40,10.0,6,moderate disruption
23,gen z,usa,tiktok,reels,182,1.0,5,moderate disruption
62,gen x,germany,tiktok,posts,261,3.0,10,high disruption
52,gen x,india,x,posts,21,8.0,7,high disruption
18,gen z,canada,instagram,stories,203,9.0,7,high disruption
48,gen x,brazil,facebook,stories,322,1.0,3,low disruption
43,millennials,brazil,tiktok,stories,52,1.0,7,high disruption
62,gen x,pakistan,facebook,reels,66,3.0,9,high disruption
23,gen z,usa,facebook,live,73,9.0,8,high disruption
49,gen x,india,x,posts,151,8.0,3,low disruption
50,gen x,australia,tiktok,stories,166,4.0,10,high disruption
47,gen x,india,facebook,live,231,1.0,5,moderate disruption
39,millennials,usa,tiktok,stories,351,6.0,8,high disruption
29,gen z,australia,youtube,stories,234,3.0,2,low disruption
47,gen x,india,youtube,live,182,8.0,7,high disruption
61,gen x,australia,youtube,stories,349,5.0,10,high disruption
58,gen x,pakistan,facebook,reels,60,7.0,10,high disruption
31,millennials,pakistan,youtube,reels,82,9.0,7,high disruption
19,gen z,usa,x,reels,274,6.0,8,high disruption
52,gen x,usa,x,shorts,210,4.0,1,low disruption
36,millennials,australia,facebook,stories,285,8.0,8,high disruption
29,gen z,uk,tiktok,shorts,232,3.0,1,low disruption
46,gen x,germany,instagram,posts,243,9.0,3,low disruption
63,gen x,brazil,tiktok,live,292,1.0,9,high disruption
33,millennials,india,tiktok,posts,86,8.0,4,moderate disruption
22,gen z,india,tiktok,shorts,338,1.0,10,high disruption
25,gen z,uk,tiktok,reels,254,1.0,9,high disruption
22,gen z,uk,instagram,stories,197,4.0,1,low disruption
48,gen x,uk,youtube,stories,110,10.0,8,high disruption
38,millennials,canada,tiktok,reels,193,10.0,3,low disruption
36,millennials,canada,x,stories,280,2.0,7,high disruption
34,millennials,australia,facebook,live,78,2.0,2,low disruption
63,gen x,canada,facebook,live,14,4.0,7,high disruption
34,millennials,pakistan,x,live,127,4.0,7,high disruption
51,gen x,pakistan,tiktok,posts,220,8.0,9,high disruption
44,millennials,usa,instagram,reels,294,5.0,2,low disruption
33,millennials,brazil,youtube,live,44,8.0,8,high disruption
17,gen z,australia,facebook,shorts,197,8.0,5,moderate disruption
16,gen z,brazil,youtube,live,131,6.0,10,high disruption
62,gen x,india,instagram,posts,293,8.0,9,high disruption
20,gen z,germany,facebook,shorts,75,2.0,8,high disruption
35,millennials,usa,youtube,reels,141,2.0,3,low disruption
26,gen z,india,instagram,reels,148,8.0,3,low disruption
57,gen x,india,youtube,live,358,3.0,10,high disruption
17,gen z,australia,tiktok,shorts,303,1.0,8,high disruption
18,gen z,uk,instagram,shorts,349,9.0,9,high disruption
38,millennials,uk,youtube,live,273,6.0,2,low disruption
27,gen z,brazil,tiktok,live,143,5.0,3,low disruption
35,millennials,usa,tiktok,stories,56,7.0,8,high disruption
20,gen z,uk,instagram,stories,21,4.0,2,low disruption
52,gen x,india,x,live,169,10.0,8,high disruption
53,gen x,uk,facebook,posts,17,1.0,5,moderate disruption
45,millennials,canada,instagram,stories,194,7.0,6,moderate disruption
24,gen z,uk,tiktok,live,344,8.0,10,high disruption
49,gen x,india,tiktok,shorts,357,5.0,4,moderate disruption
59,gen x,brazil,instagram,stories,356,8.0,3,low disruption
50,gen x,australia,x,posts,268,9.0,8,high disruption
37,millennials,usa,facebook,reels,316,8.0,9,high disruption
59,gen x,germany,youtube,shorts,225,3.0,8,high disruption
39,millennials,uk,instagram,posts,108,6.0,9,high disruption
32,millennials,pakistan,facebook,posts,343,9.0,1,low disruption
25,gen z,pakistan,facebook,posts,202,5.0,5,moderate disruption
45,millennials,brazil,tiktok,shorts,304,7.0,7,high disruption
61,gen x,india,youtube,posts,173,5.0,8,high disruption
38,millennials,germany,instagram,reels,153,2.0,2,low disruption
47,gen x,germany,tiktok,stories,253,1.0,4,moderate disruption
32,millennials,canada,tiktok,shorts,260,10.0,7,high disruption
32,millennials,germany,x,posts,46,6.0,5,moderate disruption
29,gen z,pakistan,facebook,live,206,1.0,1,low disruption
24,gen z,australia,instagram,stories,248,9.0,2,low disruption
55,gen x,india,instagram,shorts,161,5.0,5,moderate disruption
17,gen z,india,instagram,live,290,8.0,6,moderate disruption
60,gen x,uk,tiktok,live,286,2.0,1,low disruption
40,millennials,uk,x,posts,242,9.0,3,low disruption
54,gen x,uk,youtube,shorts,23,6.0,6,moderate disruption
24,gen z,pakistan,tiktok,posts,57,8.0,6,moderate disruption
37,millennials,pakistan,youtube,reels,89,1.0,7,high disruption
58,gen x,brazil,x,live,277,4.0,10,high disruption
61,gen x,pakistan,facebook,reels,217,3.0,3,low disruption
19,gen z,pakistan,instagram,posts,108,10.0,1,low disruption
41,millennials,pakistan,youtube,stories,196,2.0,7,high disruption
44,millennials,pakistan,tiktok,live,181,7.0,3,low disruption
60,gen x,australia,youtube,stories,151,1.0,5,moderate disruption
49,gen x,pakistan,facebook,shorts,85,2.0,4,moderate disruption
38,millennials,brazil,instagram,live,197,4.0,1,low disruption
52,gen x,germany,youtube,reels,41,8.0,7,high disruption
26,gen z,germany,facebook,stories,330,8.0,4,moderate disruption
21,gen z,canada,tiktok,shorts,158,10.0,1,low disruption
33,millennials,australia,x,live,134,9.0,6,moderate disruption
36,millennials,uk,tiktok,shorts,63,1.0,4,moderate disruption
57,gen x,usa,instagram,reels,228,8.0,4,moderate disruption
51,gen x,pakistan,tiktok,live,253,5.0,2,low disruption
56,gen x,canada,tiktok,shorts,244,9.0,1,low disruption
53,gen x,usa,tiktok,posts,297,1.0,3,low disruption
49,gen x,brazil,tiktok,live,291,8.0,10,high disruption
32,millennials,germany,instagram,live,208,2.0,5,moderate disruption
52,gen x,canada,facebook,live,103,4.0,9,high disruption
40,millennials,brazil,youtube,live,354,1.0,7,high disruption
53,gen x,canada,x,posts,180,2.0,4,moderate disruption
27,gen z,india,youtube,reels,266,5.0,8,high disruption
38,millennials,brazil,youtube,posts,275,8.0,4,moderate disruption
57,gen x,germany,x,posts,147,8.0,6,moderate disruption
37,millennials,germany,instagram,shorts,193,3.0,1,low disruption
36,millennials,australia,x,stories,276,2.0,6,moderate disruption
42,millennials,canada,instagram,stories,24,4.0,10,high disruption
46,gen x,pakistan,youtube,shorts,337,9.0,5,moderate disruption
21,gen z,germany,instagram,posts,304,1.0,2,low disruption
42,millennials,canada,facebook,shorts,50,6.0,1,low disruption
55,gen x,australia,x,live,99,1.0,6,moderate disruption
49,gen x,pakistan,facebook,shorts,68,5.0,2,low disruption
27,gen z,brazil,youtube,shorts,135,2.0,9,high disruption
60,gen x,australia,x,live,13,1.0,9,high disruption
22,gen z,india,youtube,stories,207,2.0,1,low disruption
25,gen z,pakistan,facebook,live,302,3.0,5,moderate disruption
60,gen x,canada,youtube,reels,178,3.0,8,high disruption
32,millennials,germany,x,shorts,77,7.0,4,moderate disruption
41,millennials,germany,x,shorts,88,1.0,3,low disruption
36,millennials,canada,youtube,stories,63,1.0,5,moderate disruption
43,millennials,canada,x,posts,25,2.0,5,moderate disruption
61,gen x,canada,x,live,161,9.0,8,high disruption
17,gen z,uk,youtube,posts,323,6.0,6,moderate disruption
58,gen x,pakistan,facebook,reels,333,7.0,2,low disruption
16,gen z,germany,x,live,65,4.0,1,low disruption
51,gen x,pakistan,x,reels,68,3.0,3,low disruption
41,millennials,australia,x,reels,329,1.0,2,low disruption
44,millennials,germany,x,reels,172,5.0,4,moderate disruption
36,millennials,uk,youtube,live,207,6.0,3,low disruption
26,gen z,canada,facebook,live,133,9.0,9,high disruption
55,gen x,india,facebook,stories,249,9.0,5,moderate disruption
26,gen z,canada,instagram,shorts,110,5.0,4,moderate disruption
51,gen x,brazil,x,posts,325,5.0,10,high disruption
64,gen x,canada,x,posts,126,2.0,9,high disruption
54,gen x,uk,instagram,reels,322,3.0,4,moderate disruption
55,gen x,pakistan,facebook,live,186,9.0,6,moderate disruption
50,gen x,germany,tiktok,live,107,2.0,10,high disruption
49,gen x,canada,tiktok,reels,320,10.0,1,low disruption
62,gen x,germany,facebook,shorts,306,5.0,2,low disruption
39,millennials,usa,x,posts,265,5.0,4,moderate disruption
37,millennials,australia,tiktok,stories,117,2.0,9,high disruption
20,gen z,pakistan,youtube,shorts,74,7.0,6,moderate disruption
48,gen x,germany,youtube,live,164,5.0,6,moderate disruption
51,gen x,india,instagram,reels,244,4.0,9,high disruption
62,gen x,australia,facebook,posts,15,3.0,4,moderate disruption
35,millennials,brazil,facebook,reels,142,1.0,3,low disruption
34,millennials,brazil,tiktok,live,171,5.0,7,high disruption
50,gen x,india,x,reels,251,3.0,7,high disruption
58,gen x,canada,facebook,posts,358,7.0,9,high disruption
32,millennials,australia,tiktok,reels,35,7.0,6,moderate disruption
60,gen x,germany,tiktok,posts,16,4.0,2,low disruption
58,gen x,australia,facebook,reels,247,7.0,6,moderate disruption
49,gen x,canada,tiktok,reels,112,3.0,8,high disruption
24,gen z,uk,instagram,posts,340,7.0,6,moderate disruption
41,millennials,pakistan,instagram,reels,327,1.0,9,high disruption
17,gen z,india,facebook,shorts,198,2.0,4,moderate disruption
24,gen z,canada,x,stories,312,3.0,3,low disruption
24,gen z,uk,instagram,shorts,137,8.0,5,moderate disruption
55,gen x,australia,instagram,stories,285,1.0,3,low disruption
32,millennials,australia,facebook,shorts,295,2.0,2,low disruption
16,gen z,canada,youtube,stories,167,4.0,2,low disruption
40,millennials,germany,tiktok,reels,282,1.0,4,moderate disruption
58,gen x,australia,instagram,posts,207,8.0,3,low disruption
55,gen x,germany,youtube,posts,100,6.0,9,high disruption
57,gen x,germany,x,live,227,9.0,7,high disruption
40,millennials,pakistan,youtube,stories,241,1.0,6,moderate disruption
54,gen x,germany,facebook,live,121,3.0,10,high disruption
50,gen x,usa,x,live,196,7.0,8,high disruption
18,gen z,pakistan,x,stories,280,7.0,9,high disruption
52,gen x,uk,youtube,posts,110,3.0,3,low disruption
59,gen x,uk,facebook,stories,8,6.0,10,high disruption
59,gen x,australia,instagram,reels,22,8.0,7,high disruption
45,millennials,australia,youtube,live,311,1.0,9,high disruption
53,gen x,germany,instagram,live,24,7.0,1,low disruption
49,gen x,pakistan,youtube,stories,126,3.0,10,high disruption
27,gen z,pakistan,instagram,live,141,10.0,9,high disruption
34,millennials,usa,youtube,posts,84,6.0,7,high disruption
52,gen x,germany,x,live,158,1.0,10,high disruption
59,gen x,usa,tiktok,stories,29,4.0,4,moderate disruption
64,gen x,brazil,x,posts,173,10.0,6,moderate disruption
32,millennials,germany,instagram,posts,63,7.0,6,moderate disruption
25,gen z,india,facebook,live,305,3.0,6,moderate disruption
64,gen x,india,x,stories,45,6.0,2,low disruption
62,gen x,canada,tiktok,live,42,6.0,5,moderate disruption
27,gen z,germany,instagram,reels,121,1.0,7,high disruption
31,millennials,pakistan,x,reels,279,2.0,6,moderate disruption
39,millennials,australia,youtube,posts,274,6.0,3,low disruption
34,millennials,uk,facebook,live,131,4.0,5,moderate disruption
23,gen z,canada,instagram,reels,7,2.0,8,high disruption
46,gen x,australia,x,shorts,297,8.0,5,moderate disruption
36,millennials,india,instagram,reels,20,5.0,10,high disruption
32,millennials,germany,youtube,live,269,3.0,3,low disruption
38,millennials,canada,tiktok,live,243,2.0,9,high disruption
52,gen x,germany,x,reels,267,6.0,3,low disruption
31,millennials,india,instagram,live,138,7.0,2,low disruption
21,gen z,canada,instagram,live,217,7.0,6,moderate disruption
23,gen z,india,instagram,shorts,19,3.0,8,high disruption
40,millennials,usa,tiktok,posts,332,6.0,6,moderate disruption
33,millennials,india,instagram,live,133,9.0,1,low disruption
40,millennials,pakistan,facebook,stories,356,4.0,8,high disruption
27,gen z,pakistan,facebook,posts,126,3.0,1,low disruption
30,millennials,germany,instagram,posts,245,8.0,9,high disruption
41,millennials,uk,facebook,stories,119,2.0,8,high disruption
56,gen x,india,x,reels,201,3.0,6,moderate disruption
60,gen x,australia,facebook,shorts,226,1.0,2,low disruption
41,millennials,pakistan,instagram,live,218,3.0,9,high disruption
62,gen x,brazil,youtube,reels,84,4.0,8,high disruption
47,gen x,uk,x,stories,267,1.0,4,moderate disruption
25,gen z,usa,tiktok,shorts,139,9.0,2,low disruption
31,millennials,canada,instagram,shorts,310,5.0,6,moderate disruption
22,gen z,canada,tiktok,shorts,246,6.0,1,low disruption
32,millennials,pakistan,youtube,stories,307,4.0,7,high disruption
38,millennials,uk,tiktok,reels,274,7.0,1,low disruption
41,millennials,pakistan,instagram,live,291,5.0,6,moderate disruption
36,millennials,canada,instagram,shorts,54,8.0,5,moderate disruption
37,millennials,brazil,youtube,shorts,193,8.0,10,high disruption
22,gen z,india,instagram,reels,301,7.0,3,low disruption
29,gen z,uk,youtube,shorts,18,5.0,6,moderate disruption
30,millennials,germany,youtube,shorts,236,8.0,4,moderate disruption
22,gen z,india,instagram,stories,265,5.0,6,moderate disruption
24,gen z,india,facebook,posts,196,2.0,4,moderate disruption
63,gen x,india,youtube,reels,207,2.0,1,low disruption
23,gen z,germany,instagram,reels,265,10.0,5,moderate disruption
38,millennials,brazil,facebook,reels,117,3.0,8,high disruption
44,millennials,usa,youtube,stories,356,8.0,6,moderate disruption
33,millennials,brazil,facebook,stories,40,3.0,10,high disruption
46,gen x,brazil,x,live,83,5.0,9,high disruption
45,millennials,brazil,x,stories,279,7.0,4,moderate disruption
54,gen x,australia,facebook,reels,282,2.0,10,high disruption
50,gen x,pakistan,youtube,live,166,8.0,9,high disruption
33,millennials,canada,instagram,posts,316,7.0,8,high disruption
57,gen x,pakistan,tiktok,shorts,21,6.0,3,low disruption
54,gen x,uk,instagram,shorts,208,6.0,6,moderate disruption
32,millennials,brazil,tiktok,live,21,2.0,4,moderate disruption
29,gen z,usa,tiktok,posts,206,5.0,1,low disruption
46,gen x,uk,youtube,shorts,214,1.0,9,high disruption
39,millennials,pakistan,facebook,live,82,3.0,4,moderate disruption
50,gen x,canada,instagram,stories,60,9.0,5,moderate disruption
59,gen x,germany,facebook,reels,84,6.0,3,low disruption
60,gen x,pakistan,x,posts,310,8.0,4,moderate disruption
49,gen x,india,youtube,shorts,62,6.0,9,high disruption
18,gen z,pakistan,youtube,reels,22,2.0,7,high disruption
52,gen x,india,x,live,212,6.0,8,high disruption
58,gen x,germany,instagram,shorts,139,8.0,3,low disruption
55,gen x,pakistan,x,reels,336,2.0,3,low disruption
41,millennials,usa,instagram,stories,14,8.0,7,high disruption
38,millennials,usa,tiktok,posts,73,6.0,8,high disruption
59,gen x,uk,youtube,live,345,1.0,5,moderate disruption
54,gen x,germany,instagram,shorts,87,5.0,1,low disruption
30,millennials,brazil,facebook,stories,113,4.0,3,low disruption
64,gen x,usa,facebook,posts,48,3.0,5,moderate disruption
19,gen z,pakistan,youtube,posts,136,8.0,3,low disruption
44,millennials,germany,x,stories,22,9.0,1,low disruption
37,millennials,canada,x,shorts,97,8.0,7,high disruption
40,millennials,india,instagram,posts,298,9.0,1,low disruption
28,gen z,pakistan,x,live,152,9.0,10,high disruption
33,millennials,india,youtube,reels,176,9.0,6,moderate disruption
48,gen x,india,instagram,live,55,2.0,6,moderate disruption
31,millennials,brazil,tiktok,posts,23,5.0,7,high disruption
60,gen x,germany,x,reels,124,1.0,1,low disruption
57,gen x,germany,x,stories,328,5.0,3,low disruption
59,gen x,uk,instagram,reels,229,9.0,9,high disruption
17,gen z,india,facebook,reels,70,2.0,2,low disruption
50,gen x,uk,x,reels,145,7.0,5,moderate disruption
57,gen x,brazil,youtube,posts,193,7.0,3,low disruption
49,gen x,india,x,shorts,162,2.0,5,moderate disruption
45,millennials,uk,tiktok,posts,102,3.0,7,high disruption
28,gen z,uk,x,shorts,162,5.0,1,low disruption
28,gen z,canada,facebook,stories,250,2.0,3,low disruption
33,millennials,uk,x,stories,348,6.0,6,moderate disruption
47,gen x,germany,instagram,stories,240,5.0,7,high disruption
47,gen x,uk,x,stories,37,5.0,10,high disruption
50,gen x,india,facebook,stories,245,2.0,3,low disruption
54,gen x,uk,instagram,live,334,5.0,4,moderate disruption
61,gen x,usa,youtube,posts,342,1.0,6,moderate disruption
44,millennials,australia,instagram,shorts,279,9.0,5,moderate disruption
64,gen x,india,tiktok,stories,75,4.0,9,high disruption
44,millennials,usa,instagram,live,317,9.0,1,low disruption
59,gen x,brazil,youtube,live,220,7.0,5,moderate disruption
31,millennials,india,x,live,83,8.0,1,low disruption
59,gen x,germany,instagram,posts,173,3.0,8,high disruption
62,gen x,australia,instagram,stories,302,3.0,7,high disruption
25,gen z,australia,instagram,live,184,4.0,5,moderate disruption
45,millennials,germany,instagram,live,120,1.0,6,moderate disruption
40,millennials,australia,youtube,stories,264,9.0,4,moderate disruption
54,gen x,germany,facebook,posts,264,4.0,9,high disruption
35,millennials,usa,facebook,live,9,10.0,3,low disruption
20,gen z,brazil,instagram,shorts,301,8.0,2,low disruption
16,gen z,canada,youtube,reels,112,1.0,7,high disruption
45,millennials,india,youtube,reels,347,7.0,2,low disruption
64,gen x,germany,instagram,reels,121,3.0,6,moderate disruption
18,gen z,india,tiktok,posts,335,3.0,8,high disruption
60,gen x,brazil,instagram,live,335,3.0,3,low disruption
29,gen z,usa,tiktok,reels,17,9.0,3,low disruption
45,millennials,canada,instagram,reels,146,5.0,3,low disruption
19,gen z,brazil,tiktok,stories,192,7.0,1,low disruption
33,millennials,usa,tiktok,live,285,3.0,9,high disruption
52,gen x,australia,instagram,live,119,5.0,5,moderate disruption
40,millennials,india,tiktok,stories,240,4.0,9,high disruption
63,gen x,pakistan,x,live,342,4.0,5,moderate disruption
16,gen z,canada,facebook,shorts,14,3.0,7,high disruption
61,gen x,australia,youtube,posts,203,4.0,1,low disruption
30,millennials,brazil,tiktok,stories,256,7.0,9,high disruption
24,gen z,canada,tiktok,reels,54,3.0,1,low disruption
30,millennials,australia,youtube,live,146,10.0,4,moderate disruption
64,gen x,usa,tiktok,shorts,275,2.0,7,high disruption
39,millennials,germany,youtube,shorts,20,5.0,9,high disruption
19,gen z,india,instagram,posts,6,1.0,1,low disruption
27,gen z,uk,x,shorts,162,1.0,6,moderate disruption
52,gen x,uk,x,live,34,9.0,10,high disruption
52,gen x,usa,facebook,live,86,8.0,5,moderate disruption
58,gen x,brazil,tiktok,shorts,35,7.0,3,low disruption
21,gen z,india,facebook,live,240,9.0,10,high disruption
54,gen x,brazil,instagram,live,337,8.0,2,low disruption
61,gen x,india,x,reels,152,7.0,1,low disruption
39,millennials,usa,instagram,stories,181,9.0,2,low disruption
26,gen z,india,instagram,live,39,4.0,4,moderate disruption
28,gen z,germany,tiktok,live,27,6.0,6,moderate disruption
49,gen x,brazil,instagram,posts,110,8.0,5,moderate disruption
40,millennials,usa,x,stories,101,1.0,4,moderate disruption
22,gen z,germany,facebook,stories,234,9.0,8,high disruption
19,gen z,india,x,stories,231,2.0,7,high disruption
23,gen z,usa,tiktok,shorts,104,9.0,4,moderate disruption
35,millennials,india,x,reels,59,3.0,10,high disruption
44,millennials,brazil,youtube,reels,199,4.0,5,moderate disruption
60,gen x,usa,facebook,posts,12,1.0,10,high disruption
61,gen x,india,youtube,stories,319,9.0,5,moderate disruption
25,gen z,brazil,youtube,stories,132,2.0,3,low disruption
58,gen x,germany,tiktok,live,36,6.0,9,high disruption
49,gen x,pakistan,instagram,shorts,97,7.0,5,moderate disruption
41,millennials,germany,youtube,shorts,11,3.0,10,high disruption
56,gen x,india,x,posts,262,10.0,2,low disruption
64,gen x,usa,instagram,reels,345,1.0,4,moderate disruption
18,gen z,uk,x,stories,224,6.0,4,moderate disruption
21,gen z,germany,x,posts,244,5.0,5,moderate disruption
20,gen z,germany,instagram,shorts,110,3.0,8,high disruption
20,gen z,brazil,instagram,shorts,40,2.0,5,moderate disruption
62,gen x,australia,x,shorts,49,8.0,1,low disruption
38,millennials,uk,tiktok,stories,302,9.0,2,low disruption
64,gen x,india,facebook,stories,313,2.0,3,low disruption
24,gen z,pakistan,facebook,stories,13,2.0,3,low disruption
50,gen x,usa,tiktok,live,91,10.0,10,high disruption
35,millennials,australia,instagram,reels,335,1.0,6,moderate disruption
64,gen x,india,x,shorts,181,5.0,9,high disruption
57,gen x,canada,facebook,shorts,134,5.0,10,high disruption
50,gen x,pakistan,x,live,199,3.0,1,low disruption
33,millennials,germany,tiktok,shorts,15,7.0,6,moderate disruption
32,millennials,canada,x,shorts,310,9.0,9,high disruption
39,millennials,germany,tiktok,stories,126,5.0,4,moderate disruption
18,gen z,germany,instagram,stories,239,8.0,10,high disruption
47,gen x,canada,tiktok,reels,335,7.0,3,low disruption
50,gen x,pakistan,tiktok,shorts,35,5.0,6,moderate disruption
53,gen x,brazil,facebook,posts,352,1.0,6,moderate disruption
28,gen z,canada,x,shorts,228,8.0,2,low disruption
62,gen x,india,facebook,shorts,157,4.0,5,moderate disruption
40,millennials,australia,youtube,reels,216,3.0,1,low disruption
24,gen z,australia,tiktok,posts,96,10.0,9,high disruption
19,gen z,canada,youtube,shorts,335,8.0,9,high disruption
29,gen z,india,facebook,posts,352,10.0,3,low disruption
52,gen x,brazil,x,stories,133,3.0,5,moderate disruption
49,gen x,australia,facebook,stories,201,8.0,3,low disruption
26,gen z,india,x,posts,46,6.0,7,high disruption
56,gen x,brazil,x,shorts,232,10.0,1,low disruption
18,gen z,india,instagram,posts,198,9.0,5,moderate disruption
43,millennials,germany,tiktok,posts,22,10.0,6,moderate disruption
44,millennials,australia,facebook,stories,337,10.0,7,high disruption
24,gen z,brazil,x,posts,247,1.0,3,low disruption
18,gen z,australia,facebook,live,280,8.0,7,high disruption
40,millennials,germany,facebook,live,131,3.0,4,moderate disruption
49,gen x,canada,x,stories,79,7.0,10,high disruption
27,gen z,germany,youtube,shorts,66,10.0,6,moderate disruption
57,gen x,australia,tiktok,shorts,292,1.0,5,moderate disruption
24,gen z,australia,tiktok,stories,190,6.0,4,moderate disruption
30,millennials,pakistan,instagram,shorts,182,7.0,6,moderate disruption
55,gen x,brazil,instagram,reels,170,3.0,3,low disruption
40,millennials,canada,instagram,live,187,3.0,3,low disruption
20,gen z,germany,tiktok,reels,32,1.0,5,moderate disruption
26,gen z,brazil,youtube,reels,334,1.0,5,moderate disruption
49,gen x,usa,tiktok,reels,251,7.0,9,high disruption
39,millennials,brazil,tiktok,stories,341,5.0,4,moderate disruption
30,millennials,usa,tiktok,reels,26,1.0,5,moderate disruption
53,gen x,canada,tiktok,posts,100,10.0,9,high disruption
23,gen z,germany,youtube,shorts,126,7.0,4,moderate disruption
20,gen z,germany,instagram,stories,254,5.0,3,low disruption
63,gen x,india,facebook,posts,312,3.0,7,high disruption
41,millennials,australia,instagram,posts,338,7.0,7,high disruption
33,millennials,uk,instagram,live,330,4.0,8,high disruption
21,gen z,pakistan,facebook,live,141,7.0,4,moderate disruption
52,gen x,brazil,tiktok,posts,281,7.0,4,moderate disruption
63,gen x,canada,youtube,live,324,1.0,9,high disruption
28,gen z,uk,youtube,shorts,336,9.0,10,high disruption
43,millennials,brazil,instagram,shorts,65,5.0,7,high disruption
20,gen z,uk,facebook,live,254,4.0,3,low disruption
28,gen z,canada,x,reels,99,10.0,9,high disruption
32,millennials,germany,tiktok,posts,300,5.0,5,moderate disruption
55,gen x,canada,instagram,shorts,188,7.0,4,moderate disruption
60,gen x,brazil,youtube,live,264,7.0,1,low disruption
47,gen x,uk,facebook,live,291,2.0,9,high disruption
44,millennials,australia,facebook,shorts,159,10.0,6,moderate disruption
18,gen z,pakistan,instagram,shorts,190,5.0,2,low disruption
55,gen x,pakistan,x,reels,73,4.0,7,high disruption
49,gen x,australia,youtube,live,330,9.0,3,low disruption
55,gen x,australia,instagram,live,265,6.0,6,moderate disruption
42,millennials,germany,x,stories,119,7.0,8,high disruption
28,gen z,brazil,facebook,reels,351,9.0,3,low disruption
60,gen x,usa,tiktok,shorts,12,3.0,5,moderate disruption
48,gen x,canada,youtube,shorts,269,2.0,6,moderate disruption
21,gen z,pakistan,youtube,posts,275,1.0,1,low disruption
39,millennials,australia,x,shorts,253,9.0,10,high disruption
34,millennials,canada,instagram,live,109,2.0,7,high disruption
31,millennials,pakistan,facebook,shorts,267,3.0,4,moderate disruption
55,gen x,australia,x,live,228,3.0,10,high disruption
43,millennials,brazil,tiktok,live,332,3.0,7,high disruption
48,gen x,pakistan,tiktok,reels,275,7.0,7,high disruption
63,gen x,germany,tiktok,shorts,169,10.0,5,moderate disruption
56,gen x,usa,x,reels,87,4.0,8,high disruption
28,gen z,usa,facebook,live,299,4.0,8,high disruption
58,gen x,australia,youtube,shorts,138,8.0,5,moderate disruption
60,gen x,pakistan,instagram,shorts,215,5.0,5,moderate disruption
40,millennials,germany,youtube,reels,317,9.0,7,high disruption
57,gen x,india,facebook,reels,96,5.0,6,moderate disruption
51,gen x,canada,youtube,live,341,4.0,4,moderate disruption
42,millennials,canada,x,live,131,10.0,2,low disruption
53,gen x,uk,tiktok,shorts,195,5.0,8,high disruption
22,gen z,germany,facebook,shorts,163,3.0,3,low disruption
20,gen z,pakistan,facebook,stories,335,2.0,2,low disruption
58,gen x,brazil,youtube,stories,339,10.0,10,high disruption
60,gen x,brazil,x,posts,14,8.0,7,high disruption
46,gen x,uk,youtube,live,111,4.0,10,high disruption
38,millennials,australia,youtube,posts,91,8.0,6,moderate disruption
57,gen x,pakistan,facebook,posts,71,6.0,8,high disruption
25,gen z,uk,youtube,reels,66,4.0,6,moderate disruption
47,gen x,usa,tiktok,reels,150,8.0,7,high disruption
58,gen x,canada,youtube,stories,157,8.0,2,low disruption
45,millennials,pakistan,tiktok,posts,111,5.0,10,high disruption
54,gen x,uk,facebook,stories,152,1.0,2,low disruption
46,gen x,usa,x,live,190,1.0,6,moderate disruption
33,millennials,germany,tiktok,shorts,353,8.0,9,high disruption
51,gen x,uk,x,reels,346,8.0,3,low disruption
17,gen z,australia,x,live,182,7.0,10,high disruption
29,gen z,australia,tiktok,live,339,8.0,8,high disruption
28,gen z,australia,facebook,reels,270,7.0,5,moderate disruption
44,millennials,pakistan,instagram,reels,153,9.0,6,moderate disruption
27,gen z,brazil,x,posts,251,2.0,6,moderate disruption
54,gen x,brazil,x,stories,258,4.0,10,high disruption
17,gen z,canada,facebook,live,33,5.0,3,low disruption
47,gen x,uk,facebook,posts,356,3.0,5,moderate disruption
28,gen z,germany,youtube,posts,270,7.0,1,low disruption
61,gen x,uk,facebook,live,17,9.0,2,low disruption
42,millennials,canada,x,live,51,4.0,10,high disruption
64,gen x,usa,tiktok,shorts,155,9.0,3,low disruption
56,gen x,canada,instagram,stories,54,5.0,4,moderate disruption
32,millennials,australia,youtube,live,219,5.0,9,high disruption
55,gen x,pakistan,tiktok,reels,136,6.0,1,low disruption
46,gen x,usa,instagram,shorts,117,3.0,3,low disruption
49,gen x,pakistan,instagram,stories,256,4.0,3,low disruption
39,millennials,australia,instagram,reels,345,6.0,6,moderate disruption
60,gen x,india,tiktok,reels,57,9.0,5,moderate disruption
50,gen x,canada,youtube,stories,134,7.0,3,low disruption
63,gen x,canada,youtube,shorts,328,4.0,4,moderate disruption
21,gen z,germany,instagram,reels,197,1.0,7,high disruption
34,millennials,uk,tiktok,posts,83,10.0,3,low disruption
45,millennials,usa,instagram,stories,61,5.0,9,high disruption
22,gen z,brazil,facebook,stories,101,9.0,8,high disruption
25,gen z,pakistan,youtube,live,202,6.0,2,low disruption
56,gen x,usa,x,shorts,139,6.0,5,moderate disruption
47,gen x,germany,instagram,posts,151,7.0,4,moderate disruption
49,gen x,germany,facebook,posts,176,4.0,5,moderate disruption
43,millennials,pakistan,youtube,live,67,7.0,3,low disruption
30,millennials,brazil,tiktok,reels,69,6.0,10,high disruption
45,millennials,uk,youtube,reels,299,7.0,1,low disruption
52,gen x,pakistan,tiktok,posts,215,8.0,8,high disruption
44,millennials,pakistan,tiktok,shorts,113,2.0,9,high disruption
37,millennials,australia,instagram,reels,286,6.0,8,high disruption
19,gen z,brazil,instagram,stories,176,1.0,4,moderate disruption
35,millennials,uk,youtube,live,16,1.0,2,low disruption
47,gen x,canada,facebook,shorts,337,7.0,4,moderate disruption
51,gen x,australia,youtube,reels,224,1.0,9,high disruption
19,gen z,india,x,posts,346,6.0,10,high disruption
42,millennials,brazil,tiktok,live,290,3.0,9,high disruption
32,millennials,uk,tiktok,reels,176,3.0,5,moderate disruption
27,gen z,germany,instagram,posts,240,2.0,5,moderate disruption
37,millennials,australia,facebook,reels,170,3.0,10,high disruption
32,millennials,uk,instagram,live,191,8.0,3,low disruption
25,gen z,usa,x,stories,174,7.0,6,moderate disruption
16,gen z,pakistan,youtube,stories,56,10.0,7,high disruption
37,millennials,india,youtube,posts,323,1.0,10,high disruption
41,millennials,canada,facebook,stories,193,8.0,9,high disruption
33,millennials,pakistan,instagram,live,124,7.0,7,high disruption
29,gen z,usa,instagram,posts,109,3.0,3,low disruption
62,gen x,usa,x,reels,166,7.0,7,high disruption
44,millennials,india,youtube,shorts,299,7.0,1,low disruption
27,gen z,canada,instagram,reels,45,5.0,2,low disruption
51,gen x,germany,facebook,live,169,7.0,4,moderate disruption
50,gen x,australia,youtube,posts,325,5.0,7,high disruption
27,gen z,brazil,x,reels,339,4.0,9,high disruption
22,gen z,canada,facebook,posts,164,5.0,5,moderate disruption
44,millennials,brazil,tiktok,stories,268,9.0,8,high disruption
26,gen z,uk,x,shorts,357,4.0,7,high disruption
48,gen x,usa,facebook,live,22,4.0,5,moderate disruption
21,gen z,uk,instagram,reels,177,6.0,3,low disruption
62,gen x,germany,tiktok,shorts,356,8.0,3,low disruption
30,millennials,uk,x,live,37,7.0,6,moderate disruption
47,gen x,canada,instagram,live,265,1.0,10,high disruption
26,gen z,uk,tiktok,stories,214,7.0,4,moderate disruption
38,millennials,germany,youtube,posts,334,5.0,3,low disruption
41,millennials,germany,instagram,posts,168,5.0,4,moderate disruption
49,gen x,germany,facebook,shorts,9,6.0,3,low disruption
61,gen x,canada,x,stories,38,7.0,10,high disruption
49,gen x,germany,tiktok,live,284,8.0,6,moderate disruption
44,millennials,usa,instagram,stories,149,7.0,7,high disruption
19,gen z,pakistan,youtube,stories,355,6.0,4,moderate disruption
32,millennials,germany,x,shorts,75,4.0,3,low disruption
50,gen x,uk,x,posts,352,2.0,3,low disruption
28,gen z,australia,instagram,stories,234,10.0,3,low disruption
56,gen x,uk,youtube,stories,129,5.0,9,high disruption
54,gen x,australia,tiktok,stories,282,6.0,3,low disruption
30,millennials,uk,instagram,reels,275,8.0,3,low disruption
44,millennials,canada,tiktok,stories,19,1.0,8,high disruption
44,millennials,uk,x,stories,246,9.0,4,moderate disruption
26,gen z,canada,tiktok,live,157,8.0,7,high disruption
47,gen x,canada,youtube,reels,57,8.0,3,low disruption
17,gen z,germany,facebook,stories,153,1.0,8,high disruption
62,gen x,usa,youtube,stories,223,6.0,3,low disruption
29,gen z,australia,tiktok,shorts,117,1.0,5,moderate disruption
35,millennials,germany,instagram,shorts,292,6.0,1,low disruption
37,millennials,germany,x,reels,281,7.0,5,moderate disruption
26,gen z,pakistan,facebook,live,87,2.0,6,moderate disruption
42,millennials,canada,instagram,reels,222,7.0,7,high disruption
18,gen z,canada,instagram,reels,230,5.0,2,low disruption
32,millennials,australia,youtube,shorts,274,8.0,2,low disruption
59,gen x,uk,tiktok,shorts,19,6.0,9,high disruption
43,millennials,uk,youtube,live,294,4.0,10,high disruption
44,millennials,brazil,tiktok,stories,343,4.0,1,low disruption
36,millennials,germany,youtube,live,269,9.0,2,low disruption
62,gen x,brazil,instagram,stories,203,5.0,2,low disruption
31,millennials,india,x,posts,162,4.0,10,high disruption
52,gen x,india,tiktok,shorts,337,1.0,7,high disruption
35,millennials,brazil,facebook,posts,211,4.0,6,moderate disruption
21,gen z,uk,facebook,posts,178,9.0,9,high disruption
34,millennials,india,instagram,shorts,188,8.0,7,high disruption
20,gen z,pakistan,youtube,posts,269,3.0,3,low disruption
18,gen z,uk,youtube,reels,250,4.0,3,low disruption
16,gen z,canada,instagram,stories,40,2.0,1,low disruption
53,gen x,germany,facebook,live,263,10.0,8,high disruption
30,millennials,usa,facebook,shorts,23,6.0,1,low disruption
49,gen x,germany,youtube,reels,27,8.0,2,low disruption
50,gen x,brazil,tiktok,live,108,7.0,7,high disruption
64,gen x,uk,x,live,245,9.0,1,low disruption
40,millennials,brazil,tiktok,live,208,10.0,4,moderate disruption
39,millennials,pakistan,facebook,posts,257,1.0,9,high disruption
27,gen z,uk,tiktok,posts,146,10.0,8,high disruption
33,millennials,germany,x,posts,306,9.0,8,high disruption
30,millennials,pakistan,tiktok,posts,147,4.0,3,low disruption
59,gen x,pakistan,tiktok,reels,275,8.0,5,moderate disruption
31,millennials,pakistan,tiktok,posts,311,8.0,4,moderate disruption
42,millennials,australia,tiktok,shorts,114,8.0,8,high disruption
23,gen z,uk,instagram,live,12,3.0,7,high disruption
61,gen x,india,facebook,reels,73,7.0,7,high disruption
40,millennials,india,x,posts,194,1.0,10,high disruption
32,millennials,uk,facebook,live,183,9.0,10,high disruption
44,millennials,uk,instagram,reels,67,10.0,7,high disruption
23,gen z,australia,instagram,live,72,7.0,1,low disruption
30,millennials,india,instagram,reels,210,5.0,7,high disruption
42,millennials,uk,instagram,stories,10,7.0,4,moderate disruption
61,gen x,uk,tiktok,reels,123,4.0,3,low disruption
22,gen z,brazil,facebook,posts,317,6.0,5,moderate disruption
18,gen z,australia,youtube,live,35,7.0,2,low disruption
44,millennials,australia,x,live,10,2.0,8,high disruption
59,gen x,germany,instagram,live,211,2.0,9,high disruption
39,millennials,australia,facebook,shorts,161,7.0,5,moderate disruption
18,gen z,usa,instagram,shorts,71,5.0,3,low disruption
35,millennials,india,instagram,posts,334,9.0,10,high disruption
61,gen x,germany,instagram,stories,357,3.0,7,high disruption
30,millennials,usa,instagram,shorts,340,1.0,1,low disruption
40,millennials,uk,instagram,reels,293,7.0,10,high disruption
45,millennials,brazil,x,posts,144,7.0,3,low disruption
29,gen z,brazil,facebook,stories,304,6.0,9,high disruption
22,gen z,uk,instagram,reels,17,7.0,2,low disruption
32,millennials,germany,instagram,live,156,5.0,9,high disruption
59,gen x,australia,instagram,shorts,317,7.0,1,low disruption
35,millennials,pakistan,instagram,reels,356,1.0,4,moderate disruption
51,gen x,brazil,tiktok,stories,113,4.0,10,high disruption
24,gen z,pakistan,tiktok,posts,153,3.0,6,moderate disruption
53,gen x,uk,youtube,reels,208,1.0,7,high disruption
63,gen x,pakistan,instagram,posts,311,3.0,3,low disruption
37,millennials,canada,youtube,live,25,2.0,9,high disruption
17,gen z,germany,x,stories,64,10.0,4,moderate disruption
39,millennials,usa,youtube,stories,25,3.0,5,moderate disruption
23,gen z,germany,facebook,shorts,249,3.0,8,high disruption
26,gen z,india,tiktok,stories,77,8.0,3,low disruption
28,gen z,australia,tiktok,reels,80,4.0,8,high disruption
32,millennials,australia,instagram,reels,190,5.0,1,low disruption
23,gen z,germany,instagram,reels,82,5.0,8,high disruption
36,millennials,uk,x,live,69,4.0,10,high disruption
33,millennials,uk,x,stories,346,4.0,8,high disruption
45,millennials,canada,facebook,stories,294,3.0,6,moderate disruption
33,millennials,canada,instagram,reels,60,9.0,5,moderate disruption
61,gen x,australia,instagram,shorts,335,2.0,9,high disruption
62,gen x,canada,x,shorts,263,2.0,6,moderate disruption
46,gen x,brazil,x,stories,194,6.0,1,low disruption
53,gen x,brazil,x,stories,10,4.0,6,moderate disruption
47,gen x,usa,tiktok,posts,10,5.0,1,low disruption
26,gen z,canada,youtube,stories,195,8.0,6,moderate disruption
60,gen x,usa,youtube,reels,152,9.0,3,low disruption
40,millennials,canada,instagram,live,262,8.0,6,moderate disruption
48,gen x,australia,tiktok,stories,222,3.0,6,moderate disruption
53,gen x,australia,x,stories,94,10.0,1,low disruption
56,gen x,usa,instagram,reels,316,4.0,9,high disruption
23,gen z,germany,tiktok,posts,356,2.0,8,high disruption
26,gen z,australia,facebook,stories,14,5.0,2,low disruption
37,millennials,germany,tiktok,shorts,91,7.0,2,low disruption
39,millennials,uk,instagram,shorts,254,1.0,5,moderate disruption
56,gen x,brazil,youtube,shorts,330,7.0,10,high disruption
32,millennials,usa,x,live,155,9.0,2,low disruption
27,gen z,pakistan,facebook,live,117,3.0,1,low disruption
61,gen x,australia,tiktok,stories,34,7.0,2,low disruption
47,gen x,india,instagram,stories,132,4.0,5,moderate disruption
30,millennials,uk,instagram,stories,82,4.0,10,high disruption
31,millennials,germany,x,live,59,3.0,7,high disruption
37,millennials,australia,instagram,stories,309,6.0,5,moderate disruption
43,millennials,usa,instagram,reels,38,4.0,1,low disruption
35,millennials,pakistan,x,posts,109,8.0,7,high disruption
48,gen x,canada,facebook,shorts,176,10.0,6,moderate disruption
25,gen z,pakistan,youtube,shorts,26,9.0,7,high disruption
55,gen x,india,youtube,reels,291,2.0,2,low disruption
47,gen x,germany,tiktok,stories,109,1.0,5,moderate disruption
48,gen x,uk,facebook,live,153,5.0,8,high disruption
17,gen z,pakistan,tiktok,stories,276,7.0,7,high disruption
48,gen x,usa,youtube,stories,280,10.0,6,moderate disruption
48,gen x,india,x,shorts,303,8.0,6,moderate disruption
56,gen x,usa,instagram,shorts,176,6.0,1,low disruption
28,gen z,australia,youtube,live,51,1.0,1,low disruption
45,millennials,canada,facebook,shorts,118,8.0,7,high disruption
48,gen x,uk,youtube,stories,279,2.0,3,low disruption
28,gen z,usa,facebook,reels,308,1.0,6,moderate disruption
41,millennials,germany,facebook,live,211,9.0,5,moderate disruption
37,millennials,australia,facebook,reels,246,6.0,3,low disruption
54,gen x,australia,tiktok,stories,305,2.0,6,moderate disruption
17,gen z,uk,x,live,200,4.0,3,low disruption
53,gen x,australia,youtube,reels,168,1.0,8,high disruption
54,gen x,germany,x,live,180,7.0,7,high disruption
41,millennials,usa,instagram,stories,347,3.0,9,high disruption
61,gen x,uk,youtube,live,275,9.0,5,moderate disruption
30,millennials,brazil,x,stories,114,4.0,1,low disruption
49,gen x,australia,x,live,176,5.0,10,high disruption
57,gen x,australia,instagram,live,356,1.0,8,high disruption
59,gen x,germany,facebook,shorts,206,3.0,2,low disruption
64,gen x,canada,youtube,stories,172,7.0,6,moderate disruption
55,gen x,canada,youtube,posts,106,7.0,1,low disruption
26,gen z,pakistan,instagram,live,90,3.0,6,moderate disruption
18,gen z,australia,facebook,reels,146,5.0,4,moderate disruption
21,gen z,brazil,youtube,shorts,341,8.0,5,moderate disruption
24,gen z,usa,youtube,shorts,217,4.0,10,high disruption
21,gen z,uk,youtube,live,55,2.0,7,high disruption
24,gen z,australia,facebook,posts,116,5.0,6,moderate disruption
54,gen x,india,instagram,shorts,275,6.0,1,low disruption
46,gen x,uk,youtube,stories,69,1.0,9,high disruption
47,gen x,pakistan,x,live,348,4.0,6,moderate disruption
56,gen x,canada,facebook,live,187,6.0,6,moderate disruption
27,gen z,brazil,tiktok,posts,336,10.0,9,high disruption
23,gen z,australia,instagram,stories,14,4.0,10,high disruption
23,gen z,germany,x,stories,238,2.0,5,moderate disruption
43,millennials,india,youtube,posts,302,6.0,6,moderate disruption
35,millennials,australia,tiktok,reels,248,3.0,6,moderate disruption
62,gen x,brazil,instagram,stories,355,3.0,7,high disruption
22,gen z,pakistan,facebook,reels,271,6.0,9,high disruption
26,gen z,usa,tiktok,reels,122,9.0,5,moderate disruption
35,millennials,india,tiktok,live,148,8.0,5,moderate disruption
31,millennials,pakistan,x,live,205,2.0,4,moderate disruption
19,gen z,australia,instagram,shorts,243,8.0,10,high disruption
21,gen z,usa,x,live,338,3.0,4,moderate disruption
37,millennials,india,x,stories,250,3.0,8,high disruption
41,millennials,usa,youtube,stories,350,9.0,2,low disruption
18,gen z,usa,facebook,reels,12,9.0,10,high disruption
56,gen x,india,tiktok,stories,156,2.0,8,high disruption
57,gen x,india,instagram,live,215,1.0,2,low disruption
29,gen z,usa,facebook,live,162,3.0,1,low disruption
26,gen z,pakistan,facebook,live,62,6.0,10,high disruption
33,millennials,brazil,instagram,posts,90,9.0,9,high disruption
27,gen z,canada,facebook,stories,59,2.0,8,high disruption
38,millennials,india,youtube,shorts,205,4.0,6,moderate disruption
27,gen z,australia,facebook,stories,126,3.0,4,moderate disruption
28,gen z,uk,youtube,stories,112,1.0,2,low disruption
40,millennials,germany,tiktok,posts,308,8.0,8,high disruption
60,gen x,usa,tiktok,stories,136,8.0,3,low disruption
34,millennials,usa,x,reels,202,3.0,10,high disruption
61,gen x,germany,youtube,live,51,2.0,4,moderate disruption
51,gen x,canada,tiktok,live,232,2.0,5,moderate disruption
60,gen x,germany,facebook,posts,249,5.0,4,moderate disruption
23,gen z,india,instagram,live,207,3.0,8,high disruption
44,millennials,germany,instagram,reels,265,5.0,9,high disruption
47,gen x,usa,youtube,posts,182,4.0,1,low disruption
59,gen x,germany,x,shorts,28,3.0,2,low disruption
33,millennials,uk,facebook,live,179,8.0,4,moderate disruption
21,gen z,australia,youtube,stories,278,2.0,1,low disruption
33,millennials,india,instagram,reels,344,8.0,6,moderate disruption
34,millennials,germany,youtube,reels,265,6.0,5,moderate disruption
37,millennials,usa,facebook,live,290,8.0,7,high disruption
52,gen x,pakistan,tiktok,shorts,5,1.0,6,moderate disruption
47,gen x,australia,facebook,stories,90,8.0,3,low disruption
56,gen x,india,tiktok,shorts,342,1.0,5,moderate disruption
18,gen z,usa,tiktok,shorts,73,10.0,3,low disruption
43,millennials,canada,tiktok,live,35,7.0,9,high disruption
25,gen z,uk,youtube,stories,202,4.0,2,low disruption
50,gen x,brazil,instagram,live,95,4.0,6,moderate disruption
44,millennials,canada,youtube,live,353,9.0,9,high disruption
30,millennials,brazil,instagram,reels,20,9.0,10,high disruption
48,gen x,uk,facebook,live,314,9.0,7,high disruption
22,gen z,germany,x,posts,280,8.0,5,moderate disruption
27,gen z,india,facebook,stories,342,8.0,2,low disruption
64,gen x,germany,youtube,reels,166,6.0,2,low disruption
45,millennials,uk,youtube,stories,196,1.0,4,moderate disruption
36,millennials,uk,instagram,reels,155,1.0,10,high disruption
46,gen x,uk,youtube,posts,117,7.0,2,low disruption
39,millennials,brazil,tiktok,live,277,4.0,8,high disruption
35,millennials,australia,youtube,reels,180,6.0,10,high disruption
52,gen x,usa,instagram,reels,153,3.0,7,high disruption
19,gen z,india,instagram,reels,182,7.0,7,high disruption
43,millennials,germany,tiktok,posts,227,3.0,3,low disruption
59,gen x,germany,instagram,stories,263,5.0,7,high disruption
35,millennials,canada,x,posts,277,5.0,8,high disruption
39,millennials,brazil,facebook,reels,193,2.0,5,moderate disruption
64,gen x,uk,youtube,reels,310,9.0,1,low disruption
47,gen x,pakistan,x,live,94,6.0,1,low disruption
56,gen x,uk,youtube,posts,347,9.0,4,moderate disruption
51,gen x,uk,x,posts,266,3.0,2,low disruption
49,gen x,pakistan,youtube,shorts,160,2.0,7,high disruption
51,gen x,germany,tiktok,stories,204,1.0,3,low disruption
17,gen z,canada,instagram,shorts,59,1.0,4,moderate disruption
30,millennials,usa,instagram,shorts,258,2.0,9,high disruption
49,gen x,pakistan,tiktok,stories,177,1.0,2,low disruption
51,gen x,brazil,x,live,204,9.0,8,high disruption
21,gen z,australia,facebook,live,106,9.0,1,low disruption
54,gen x,india,x,stories,289,9.0,3,low disruption
57,gen x,brazil,instagram,stories,155,10.0,4,moderate disruption
27,gen z,pakistan,facebook,posts,115,5.0,6,moderate disruption
18,gen z,usa,youtube,posts,270,6.0,1,low disruption
60,gen x,germany,facebook,posts,95,2.0,8,high disruption
33,millennials,australia,x,posts,181,2.0,2,low disruption
55,gen x,australia,tiktok,reels,235,8.0,5,moderate disruption
36,millennials,australia,youtube,reels,33,9.0,6,moderate disruption
30,millennials,uk,x,live,305,8.0,8,high disruption
48,gen x,india,youtube,reels,199,8.0,3,low disruption
50,gen x,germany,facebook,reels,311,3.0,9,high disruption
41,millennials,germany,instagram,posts,243,5.0,5,moderate disruption
23,gen z,australia,x,posts,271,5.0,8,high disruption
51,gen x,germany,tiktok,stories,218,10.0,4,moderate disruption
63,gen x,india,facebook,posts,86,10.0,9,high disruption
45,millennials,india,x,stories,132,6.0,8,high disruption
38,millennials,canada,tiktok,stories,266,2.0,5,moderate disruption
57,gen x,pakistan,x,reels,71,3.0,3,low disruption
59,gen x,pakistan,facebook,posts,66,4.0,1,low disruption
29,gen z,canada,x,reels,137,9.0,5,moderate disruption
29,gen z,usa,youtube,posts,141,2.0,5,moderate disruption
17,gen z,pakistan,facebook,reels,32,3.0,4,moderate disruption
52,gen x,india,x,reels,215,4.0,10,high disruption
20,gen z,india,instagram,reels,209,9.0,10,high disruption
53,gen x,pakistan,x,live,257,5.0,8,high disruption
60,gen x,india,youtube,reels,42,7.0,3,low disruption
56,gen x,canada,tiktok,shorts,47,4.0,10,high disruption
62,gen x,australia,tiktok,shorts,121,2.0,9,high disruption
29,gen z,australia,tiktok,shorts,194,3.0,3,low disruption
54,gen x,germany,instagram,stories,50,8.0,4,moderate disruption
40,millennials,brazil,youtube,reels,170,9.0,6,moderate disruption
35,millennials,brazil,facebook,shorts,309,5.0,9,high disruption
17,gen z,australia,tiktok,stories,207,4.0,10,high disruption
54,gen x,uk,youtube,shorts,237,8.0,2,low disruption
21,gen z,canada,x,posts,249,7.0,2,low disruption
32,millennials,india,instagram,live,213,1.0,2,low disruption
40,millennials,pakistan,youtube,reels,252,4.0,5,moderate disruption
43,millennials,australia,youtube,live,299,7.0,6,moderate disruption
17,gen z,canada,facebook,live,331,6.0,3,low disruption
50,gen x,australia,youtube,posts,162,10.0,3,low disruption
52,gen x,usa,facebook,posts,5,9.0,2,low disruption
20,gen z,india,instagram,posts,221,1.0,6,moderate disruption
16,gen z,usa,instagram,stories,253,7.0,1,low disruption
55,gen x,india,x,shorts,73,4.0,9,high disruption
27,gen z,canada,facebook,reels,34,7.0,10,high disruption
51,gen x,germany,facebook,posts,119,6.0,4,moderate disruption
60,gen x,australia,tiktok,reels,12,5.0,2,low disruption
38,millennials,australia,tiktok,reels,279,9.0,6,moderate disruption
62,gen x,uk,x,reels,319,7.0,5,moderate disruption
46,gen x,pakistan,instagram,posts,339,9.0,3,low disruption
26,gen z,usa,tiktok,posts,40,3.0,3,low disruption
25,gen z,australia,youtube,shorts,315,4.0,5,moderate disruption
18,gen z,canada,instagram,posts,48,6.0,4,moderate disruption
29,gen z,germany,youtube,posts,159,10.0,5,moderate disruption
31,millennials,pakistan,facebook,reels,81,4.0,2,low disruption
25,gen z,canada,instagram,shorts,82,1.0,1,low disruption
44,millennials,usa,x,live,105,5.0,5,moderate disruption
25,gen z,uk,facebook,posts,34,6.0,1,low disruption
27,gen z,australia,facebook,posts,43,8.0,3,low disruption
45,millennials,canada,youtube,live,243,7.0,8,high disruption
56,gen x,pakistan,facebook,reels,17,10.0,8,high disruption
16,gen z,india,tiktok,shorts,126,8.0,9,high disruption
20,gen z,germany,instagram,reels,148,3.0,1,low disruption
35,millennials,pakistan,tiktok,stories,176,7.0,4,moderate disruption
23,gen z,canada,youtube,posts,251,7.0,6,moderate disruption
58,gen x,germany,youtube,stories,251,10.0,7,high disruption
27,gen z,australia,instagram,posts,49,2.0,5,moderate disruption
16,gen z,india,facebook,stories,257,2.0,7,high disruption
35,millennials,uk,x,live,295,2.0,10,high disruption
43,millennials,pakistan,youtube,posts,211,6.0,8,high disruption
58,gen x,uk,instagram,posts,11,2.0,10,high disruption
52,gen x,india,x,stories,246,7.0,6,moderate disruption
62,gen x,germany,facebook,shorts,114,8.0,4,moderate disruption
52,gen x,australia,youtube,stories,118,5.0,1,low disruption
27,gen z,canada,instagram,posts,311,6.0,5,moderate disruption
52,gen x,india,instagram,posts,306,9.0,10,high disruption
64,gen x,usa,instagram,shorts,280,6.0,10,high disruption
64,gen x,germany,youtube,reels,100,2.0,10,high disruption
59,gen x,uk,x,shorts,298,4.0,4,moderate disruption
43,millennials,pakistan,instagram,reels,193,6.0,5,moderate disruption
62,gen x,india,facebook,posts,292,2.0,4,moderate disruption
30,millennials,uk,instagram,live,158,6.0,9,high disruption
21,gen z,germany,x,live,62,10.0,3,low disruption
59,gen x,uk,youtube,stories,342,7.0,3,low disruption
35,millennials,india,instagram,shorts,54,4.0,10,high disruption
29,gen z,germany,instagram,shorts,211,4.0,7,high disruption
17,gen z,usa,facebook,live,56,9.0,2,low disruption
24,gen z,india,facebook,reels,346,9.0,9,high disruption
52,gen x,canada,instagram,shorts,154,5.0,8,high disruption
35,millennials,brazil,instagram,reels,57,4.0,6,moderate disruption
41,millennials,australia,facebook,reels,217,7.0,9,high disruption
44,millennials,india,x,reels,70,3.0,3,low disruption
16,gen z,germany,tiktok,reels,236,2.0,4,moderate disruption
50,gen x,pakistan,tiktok,stories,303,3.0,7,high disruption
21,gen z,australia,instagram,stories,342,5.0,1,low disruption
52,gen x,india,facebook,live,155,3.0,1,low disruption
20,gen z,usa,youtube,stories,209,3.0,1,low disruption
48,gen x,pakistan,youtube,shorts,324,1.0,8,high disruption
64,gen x,usa,tiktok,stories,259,6.0,6,moderate disruption
29,gen z,canada,x,shorts,141,6.0,3,low disruption
27,gen z,pakistan,tiktok,shorts,139,2.0,10,high disruption
57,gen x,uk,instagram,reels,58,9.0,7,high disruption
35,millennials,brazil,x,live,69,4.0,6,moderate disruption
39,millennials,pakistan,youtube,reels,6,1.0,5,moderate disruption
58,gen x,australia,facebook,reels,136,3.0,3,low disruption
49,gen x,pakistan,facebook,stories,338,7.0,4,moderate disruption
40,millennials,germany,instagram,stories,36,2.0,1,low disruption
44,millennials,brazil,tiktok,shorts,247,1.0,9,high disruption
54,gen x,germany,instagram,stories,196,6.0,5,moderate disruption
46,gen x,uk,facebook,stories,146,5.0,2,low disruption
62,gen x,pakistan,youtube,posts,152,8.0,9,high disruption
58,gen x,usa,facebook,shorts,93,8.0,7,high disruption
38,millennials,usa,x,shorts,53,10.0,8,high disruption
59,gen x,india,facebook,posts,140,1.0,3,low disruption
53,gen x,canada,facebook,shorts,195,1.0,7,high disruption
35,millennials,australia,x,live,153,10.0,1,low disruption
38,millennials,brazil,tiktok,live,91,7.0,6,moderate disruption
60,gen x,canada,facebook,posts,12,7.0,10,high disruption
31,millennials,pakistan,instagram,stories,227,1.0,6,moderate disruption
57,gen x,canada,facebook,live,20,1.0,10,high disruption
23,gen z,india,instagram,posts,300,2.0,6,moderate disruption
36,millennials,canada,x,live,110,5.0,3,low disruption
16,gen z,brazil,facebook,reels,287,2.0,6,moderate disruption
23,gen z,uk,x,posts,108,5.0,3,low disruption
44,millennials,india,x,shorts,150,6.0,10,high disruption
47,gen x,uk,tiktok,live,39,1.0,9,high disruption
53,gen x,pakistan,facebook,shorts,117,2.0,7,high disruption
20,gen z,india,instagram,posts,312,4.0,4,moderate disruption
62,gen x,pakistan,instagram,live,57,1.0,3,low disruption
37,millennials,pakistan,facebook,shorts,351,2.0,6,moderate disruption
62,gen x,canada,tiktok,stories,85,3.0,9,high disruption
49,gen x,uk,tiktok,stories,108,5.0,3,low disruption
16,gen z,pakistan,tiktok,reels,326,7.0,8,high disruption
41,millennials,uk,instagram,posts,246,2.0,6,moderate disruption
58,gen x,uk,x,shorts,35,8.0,4,moderate disruption
25,gen z,india,tiktok,reels,321,9.0,5,moderate disruption
45,millennials,germany,instagram,posts,196,7.0,3,low disruption
33,millennials,canada,instagram,stories,237,1.0,2,low disruption
32,millennials,pakistan,x,shorts,102,5.0,9,high disruption
41,millennials,uk,facebook,live,38,7.0,3,low disruption
23,gen z,australia,facebook,stories,247,10.0,6,moderate disruption
62,gen x,germany,tiktok,live,63,10.0,5,moderate disruption
55,gen x,pakistan,tiktok,live,263,4.0,10,high disruption
64,gen x,australia,x,shorts,21,6.0,8,high disruption
27,gen z,canada,tiktok,shorts,82,9.0,5,moderate disruption
42,millennials,canada,x,live,210,8.0,8,high disruption
23,gen z,uk,instagram,reels,306,5.0,5,moderate disruption
40,millennials,uk,tiktok,live,170,3.0,10,high disruption
61,gen x,brazil,instagram,live,295,2.0,6,moderate disruption
19,gen z,brazil,youtube,shorts,116,5.0,5,moderate disruption
48,gen x,pakistan,x,posts,321,7.0,2,low disruption
16,gen z,india,youtube,stories,357,10.0,10,high disruption
34,millennials,germany,tiktok,shorts,149,9.0,10,high disruption
46,gen x,pakistan,instagram,reels,160,2.0,6,moderate disruption
31,millennials,germany,tiktok,stories,182,7.0,7,high disruption
29,gen z,uk,youtube,shorts,350,3.0,3,low disruption
63,gen x,canada,tiktok,shorts,140,7.0,3,low disruption
20,gen z,uk,facebook,posts,319,7.0,7,high disruption
56,gen x,canada,youtube,reels,22,3.0,10,high disruption
41,millennials,brazil,tiktok,reels,355,3.0,4,moderate disruption
43,millennials,pakistan,instagram,shorts,159,1.0,2,low disruption
17,gen z,brazil,tiktok,posts,276,1.0,9,high disruption
21,gen z,canada,instagram,shorts,270,9.0,9,high disruption
24,gen z,uk,facebook,live,336,1.0,6,moderate disruption
48,gen x,brazil,tiktok,live,20,1.0,2,low disruption
56,gen x,usa,facebook,posts,16,3.0,3,low disruption
40,millennials,germany,youtube,shorts,79,9.0,5,moderate disruption
63,gen x,australia,instagram,posts,216,4.0,5,moderate disruption
28,gen z,canada,youtube,shorts,183,2.0,9,high disruption
24,gen z,canada,instagram,shorts,133,7.0,10,high disruption
28,gen z,usa,facebook,live,287,4.0,3,low disruption
46,gen x,pakistan,x,stories,199,4.0,2,low disruption
56,gen x,pakistan,tiktok,reels,272,8.0,10,high disruption
26,gen z,pakistan,facebook,reels,34,3.0,8,high disruption
19,gen z,australia,instagram,posts,13,9.0,7,high disruption
49,gen x,india,instagram,reels,313,6.0,9,high disruption
53,gen x,usa,instagram,live,314,6.0,3,low disruption
61,gen x,australia,instagram,stories,169,3.0,6,moderate disruption
19,gen z,brazil,tiktok,shorts,197,8.0,5,moderate disruption
53,gen x,usa,youtube,shorts,309,6.0,5,moderate disruption
34,millennials,canada,x,live,264,2.0,10,high disruption
21,gen z,germany,tiktok,reels,196,2.0,8,high disruption
49,gen x,usa,instagram,shorts,83,5.0,1,low disruption
33,millennials,india,tiktok,reels,183,8.0,1,low disruption
28,gen z,uk,facebook,live,95,9.0,3,low disruption
56,gen x,brazil,instagram,shorts,219,7.0,2,low disruption
38,millennials,australia,x,posts,83,5.0,2,low disruption
34,millennials,brazil,instagram,stories,107,3.0,2,low disruption
60,gen x,brazil,x,reels,115,7.0,4,moderate disruption
26,gen z,usa,x,reels,318,10.0,1,low disruption
16,gen z,usa,youtube,reels,251,5.0,10,high disruption
39,millennials,india,youtube,reels,238,2.0,9,high disruption
22,gen z,germany,tiktok,live,86,1.0,5,moderate disruption
40,millennials,usa,tiktok,live,136,3.0,5,moderate disruption
36,millennials,usa,x,live,239,6.0,9,high disruption
30,millennials,germany,instagram,live,282,9.0,5,moderate disruption
16,gen z,india,facebook,shorts,339,3.0,8,high disruption
27,gen z,australia,facebook,live,103,3.0,1,low disruption
22,gen z,brazil,instagram,shorts,42,5.0,1,low disruption
30,millennials,australia,instagram,posts,165,9.0,4,moderate disruption
36,millennials,usa,youtube,live,121,4.0,8,high disruption
34,millennials,germany,facebook,posts,245,3.0,3,low disruption
44,millennials,usa,x,live,30,2.0,1,low disruption
40,millennials,pakistan,tiktok,posts,140,5.0,9,high disruption
48,gen x,uk,youtube,stories,54,8.0,9,high disruption
64,gen x,australia,facebook,posts,298,3.0,9,high disruption
47,gen x,pakistan,instagram,shorts,302,5.0,9,high disruption
64,gen x,canada,facebook,reels,297,6.0,2,low disruption
50,gen x,uk,x,posts,158,5.0,4,moderate disruption
59,gen x,usa,youtube,reels,224,2.0,2,low disruption
53,gen x,india,instagram,stories,144,9.0,7,high disruption
41,millennials,australia,x,stories,53,6.0,3,low disruption
26,gen z,canada,tiktok,shorts,146,7.0,9,high disruption
50,gen x,uk,youtube,shorts,50,7.0,7,high disruption
23,gen z,australia,x,posts,167,10.0,8,high disruption
61,gen x,germany,x,live,289,5.0,9,high disruption
29,gen z,india,instagram,stories,272,5.0,8,high disruption
25,gen z,uk,tiktok,reels,120,4.0,7,high disruption
17,gen z,germany,x,live,86,4.0,9,high disruption
61,gen x,pakistan,youtube,stories,48,3.0,1,low disruption
24,gen z,usa,x,posts,198,10.0,4,moderate disruption
18,gen z,germany,facebook,stories,262,9.0,4,moderate disruption
36,millennials,uk,youtube,shorts,277,4.0,5,moderate disruption
41,millennials,brazil,youtube,reels,278,3.0,8,high disruption
23,gen z,uk,x,reels,282,1.0,10,high disruption
63,gen x,brazil,instagram,shorts,87,9.0,1,low disruption
17,gen z,pakistan,youtube,live,62,4.0,6,moderate disruption
21,gen z,usa,facebook,shorts,57,6.0,9,high disruption
43,millennials,brazil,instagram,reels,5,9.0,10,high disruption
44,millennials,brazil,instagram,posts,220,4.0,8,high disruption
41,millennials,germany,instagram,live,321,8.0,2,low disruption
40,millennials,germany,youtube,stories,232,5.0,7,high disruption
27,gen z,usa,instagram,posts,258,7.0,5,moderate disruption
20,gen z,germany,x,live,163,5.0,2,low disruption
49,gen x,australia,instagram,reels,291,4.0,1,low disruption
63,gen x,usa,facebook,reels,70,10.0,2,low disruption
52,gen x,india,tiktok,posts,313,6.0,10,high disruption
30,millennials,brazil,facebook,live,99,4.0,6,moderate disruption
59,gen x,uk,youtube,stories,257,3.0,8,high disruption
51,gen x,india,instagram,stories,154,1.0,3,low disruption
30,millennials,brazil,instagram,shorts,27,7.0,5,moderate disruption
58,gen x,australia,x,posts,248,4.0,2,low disruption
63,gen x,brazil,instagram,live,219,8.0,8,high disruption
38,millennials,brazil,facebook,posts,135,4.0,4,moderate disruption
21,gen z,brazil,youtube,stories,347,4.0,10,high disruption
61,gen x,pakistan,tiktok,live,152,8.0,6,moderate disruption
59,gen x,australia,instagram,reels,113,5.0,3,low disruption
58,gen x,canada,tiktok,reels,44,9.0,8,high disruption
60,gen x,canada,instagram,live,125,6.0,8,high disruption
36,millennials,canada,youtube,posts,299,3.0,3,low disruption
38,millennials,usa,facebook,posts,124,6.0,9,high disruption
58,gen x,germany,youtube,reels,22,1.0,10,high disruption
31,millennials,australia,tiktok,reels,173,3.0,5,moderate disruption
62,gen x,india,instagram,stories,202,2.0,10,high disruption
30,millennials,pakistan,tiktok,live,147,7.0,9,high disruption
40,millennials,india,facebook,posts,41,2.0,7,high disruption
51,gen x,india,youtube,stories,190,3.0,10,high disruption
26,gen z,india,tiktok,posts,265,4.0,3,low disruption
30,millennials,pakistan,tiktok,reels,235,1.0,6,moderate disruption
19,gen z,canada,facebook,live,258,1.0,10,high disruption
36,millennials,india,instagram,shorts,333,3.0,2,low disruption
28,gen z,pakistan,tiktok,live,301,3.0,6,moderate disruption
37,millennials,pakistan,facebook,shorts,14,2.0,5,moderate disruption
34,millennials,germany,instagram,stories,328,2.0,3,low disruption
49,gen x,pakistan,instagram,shorts,234,8.0,7,high disruption
29,gen z,canada,youtube,shorts,28,7.0,4,moderate disruption
19,gen z,india,facebook,stories,82,5.0,6,moderate disruption
63,gen x,pakistan,instagram,live,197,9.0,9,high disruption
61,gen x,usa,youtube,stories,113,1.0,6,moderate disruption
42,millennials,pakistan,x,reels,284,4.0,4,moderate disruption
44,millennials,uk,facebook,reels,267,8.0,10,high disruption
62,gen x,uk,x,shorts,333,6.0,2,low disruption
43,millennials,uk,instagram,stories,359,10.0,9,high disruption
50,gen x,pakistan,facebook,stories,272,9.0,4,moderate disruption
23,gen z,canada,youtube,stories,345,2.0,4,moderate disruption
31,millennials,india,instagram,live,263,10.0,2,low disruption
57,gen x,australia,facebook,posts,339,9.0,5,moderate disruption
51,gen x,australia,facebook,posts,89,4.0,6,moderate disruption
45,millennials,australia,x,posts,14,10.0,10,high disruption
33,millennials,canada,instagram,live,293,1.0,6,moderate disruption
17,gen z,germany,youtube,stories,306,7.0,3,low disruption
64,gen x,brazil,youtube,posts,63,3.0,9,high disruption
28,gen z,usa,instagram,stories,312,2.0,7,high disruption
19,gen z,usa,instagram,shorts,266,6.0,3,low disruption
41,millennials,uk,tiktok,posts,289,3.0,4,moderate disruption
40,millennials,uk,x,shorts,123,7.0,7,high disruption
45,millennials,pakistan,instagram,live,172,6.0,8,high disruption
26,gen z,australia,instagram,reels,357,4.0,6,moderate disruption
22,gen z,pakistan,tiktok,live,193,2.0,4,moderate disruption
46,gen x,brazil,tiktok,live,255,6.0,2,low disruption
59,gen x,australia,facebook,live,328,8.0,10,high disruption
25,gen z,uk,youtube,posts,233,6.0,8,high disruption
54,gen x,india,x,shorts,194,6.0,1,low disruption
28,gen z,germany,facebook,posts,320,5.0,9,high disruption
46,gen x,pakistan,instagram,reels,128,4.0,8,high disruption
22,gen z,germany,tiktok,live,88,5.0,3,low disruption
64,gen x,germany,youtube,stories,301,10.0,10,high disruption
57,gen x,germany,facebook,reels,219,8.0,4,moderate disruption
57,gen x,uk,youtube,shorts,241,5.0,10,high disruption
51,gen x,usa,tiktok,reels,117,5.0,4,moderate disruption
35,millennials,uk,facebook,posts,221,5.0,2,low disruption
19,gen z,germany,facebook,stories,325,7.0,10,high disruption
22,gen z,uk,youtube,posts,250,5.0,5,moderate disruption
16,gen z,germany,tiktok,live,339,7.0,3,low disruption
59,gen x,canada,instagram,live,323,4.0,1,low disruption
60,gen x,australia,facebook,reels,41,4.0,2,low disruption
57,gen x,usa,instagram,live,68,9.0,7,high disruption
62,gen x,canada,tiktok,live,223,4.0,1,low disruption
28,gen z,india,facebook,shorts,346,10.0,2,low disruption
37,millennials,uk,facebook,shorts,38,2.0,10,high disruption
36,millennials,india,instagram,posts,43,3.0,7,high disruption
37,millennials,pakistan,x,posts,71,5.0,1,low disruption
43,millennials,uk,instagram,shorts,213,8.0,7,high disruption
24,gen z,brazil,instagram,reels,322,7.0,8,high disruption
41,millennials,brazil,x,shorts,348,2.0,2,low disruption
24,gen z,australia,tiktok,posts,156,3.0,4,moderate disruption
30,millennials,canada,tiktok,stories,203,6.0,7,high disruption
25,gen z,australia,facebook,live,93,3.0,1,low disruption
39,millennials,pakistan,youtube,stories,252,5.0,6,moderate disruption
57,gen x,germany,youtube,stories,327,5.0,5,moderate disruption
23,gen z,australia,facebook,live,83,6.0,6,moderate disruption
39,millennials,australia,youtube,shorts,289,3.0,8,high disruption
31,millennials,brazil,instagram,reels,334,2.0,1,low disruption
64,gen x,germany,instagram,stories,36,4.0,3,low disruption
41,millennials,brazil,x,reels,91,1.0,9,high disruption
42,millennials,uk,x,posts,43,6.0,8,high disruption
52,gen x,germany,facebook,stories,105,8.0,4,moderate disruption
19,gen z,canada,facebook,posts,248,2.0,10,high disruption
39,millennials,australia,facebook,shorts,236,2.0,9,high disruption
34,millennials,brazil,instagram,stories,72,1.0,7,high disruption
51,gen x,germany,youtube,posts,196,9.0,2,low disruption
54,gen x,pakistan,facebook,posts,32,1.0,1,low disruption
25,gen z,pakistan,facebook,shorts,274,10.0,1,low disruption
40,millennials,australia,instagram,reels,230,4.0,3,low disruption
33,millennials,canada,instagram,reels,81,4.0,10,high disruption
34,millennials,india,instagram,stories,227,1.0,2,low disruption
51,gen x,brazil,youtube,shorts,171,6.0,4,moderate disruption
25,gen z,canada,facebook,stories,288,6.0,8,high disruption
48,gen x,usa,tiktok,reels,196,5.0,5,moderate disruption
20,gen z,usa,tiktok,shorts,93,3.0,5,moderate disruption
62,gen x,usa,facebook,live,36,4.0,6,moderate disruption
64,gen x,australia,facebook,shorts,141,4.0,5,moderate disruption
50,gen x,pakistan,facebook,shorts,160,5.0,5,moderate disruption
59,gen x,uk,facebook,live,254,4.0,7,high disruption
49,gen x,brazil,youtube,posts,99,7.0,6,moderate disruption
48,gen x,pakistan,tiktok,posts,21,3.0,10,high disruption
36,millennials,uk,x,posts,121,4.0,2,low disruption
32,millennials,uk,tiktok,reels,337,5.0,1,low disruption
37,millennials,pakistan,tiktok,shorts,315,1.0,1,low disruption
63,gen x,brazil,instagram,live,14,5.0,4,moderate disruption
52,gen x,australia,facebook,reels,84,3.0,2,low disruption
30,millennials,canada,facebook,live,138,1.0,6,moderate disruption
50,gen x,uk,facebook,reels,207,9.0,9,high disruption
43,millennials,india,instagram,reels,120,4.0,10,high disruption
22,gen z,pakistan,youtube,reels,224,5.0,10,high disruption
47,gen x,pakistan,youtube,live,257,8.0,8,high disruption
26,gen z,usa,x,stories,173,2.0,4,moderate disruption
25,gen z,canada,youtube,reels,339,9.0,2,low disruption
24,gen z,usa,youtube,posts,320,3.0,1,low disruption
29,gen z,pakistan,facebook,shorts,209,6.0,7,high disruption
28,gen z,pakistan,tiktok,stories,302,7.0,10,high disruption
40,millennials,uk,youtube,stories,252,9.0,3,low disruption
17,gen z,canada,youtube,live,75,6.0,6,moderate disruption
50,gen x,germany,instagram,stories,160,5.0,5,moderate disruption
22,gen z,india,x,live,106,6.0,5,moderate disruption
36,millennials,brazil,instagram,live,17,2.0,2,low disruption
33,millennials,uk,facebook,posts,275,7.0,9,high disruption
18,gen z,pakistan,tiktok,reels,296,2.0,4,moderate disruption
57,gen x,brazil,x,stories,224,6.0,10,high disruption
54,gen x,uk,instagram,reels,19,7.0,1,low disruption
56,gen x,india,youtube,reels,242,9.0,2,low disruption
64,gen x,pakistan,youtube,reels,121,5.0,9,high disruption
26,gen z,india,x,live,335,8.0,7,high disruption
54,gen x,brazil,youtube,reels,60,2.0,10,high disruption
39,millennials,germany,instagram,stories,355,2.0,2,low disruption
61,gen x,uk,instagram,live,136,5.0,7,high disruption
34,millennials,australia,youtube,stories,230,6.0,4,moderate disruption
19,gen z,uk,youtube,live,312,7.0,10,high disruption
41,millennials,usa,facebook,shorts,226,8.0,2,low disruption
53,gen x,canada,tiktok,shorts,177,3.0,4,moderate disruption
57,gen x,canada,x,shorts,344,6.0,5,moderate disruption
47,gen x,usa,instagram,shorts,289,2.0,4,moderate disruption
54,gen x,pakistan,x,live,313,3.0,3,low disruption
60,gen x,canada,facebook,reels,161,1.0,6,moderate disruption
61,gen x,india,instagram,posts,155,8.0,1,low disruption
51,gen x,brazil,facebook,posts,189,5.0,8,high disruption
55,gen x,brazil,facebook,shorts,182,3.0,5,moderate disruption
52,gen x,canada,youtube,reels,25,6.0,8,high disruption
48,gen x,canada,x,stories,116,4.0,10,high disruption
51,gen x,usa,x,reels,175,8.0,4,moderate disruption
18,gen z,pakistan,youtube,stories,142,6.0,4,moderate disruption
24,gen z,germany,x,posts,237,1.0,5,moderate disruption
23,gen z,canada,youtube,reels,336,10.0,5,moderate disruption
48,gen x,australia,instagram,reels,34,1.0,6,moderate disruption
21,gen z,canada,facebook,posts,311,7.0,5,moderate disruption
56,gen x,germany,facebook,reels,165,5.0,5,moderate disruption
54,gen x,usa,x,stories,82,3.0,8,high disruption
19,gen z,germany,tiktok,reels,282,7.0,6,moderate disruption
28,gen z,usa,facebook,stories,324,2.0,2,low disruption
64,gen x,india,youtube,shorts,25,9.0,4,moderate disruption
17,gen z,usa,tiktok,reels,147,3.0,4,moderate disruption
20,gen z,india,tiktok,stories,40,4.0,5,moderate disruption
59,gen x,india,facebook,posts,307,7.0,6,moderate disruption
42,millennials,usa,facebook,shorts,218,1.0,5,moderate disruption
47,gen x,australia,facebook,reels,36,5.0,6,moderate disruption
36,millennials,uk,youtube,stories,190,9.0,8,high disruption
23,gen z,usa,tiktok,reels,178,7.0,4,moderate disruption
53,gen x,canada,x,stories,58,4.0,3,low disruption
23,gen z,australia,youtube,reels,165,7.0,9,high disruption
18,gen z,australia,instagram,shorts,254,9.0,3,low disruption
59,gen x,canada,facebook,shorts,255,2.0,8,high disruption
18,gen z,uk,tiktok,reels,283,6.0,10,high disruption
37,millennials,australia,youtube,reels,175,3.0,5,moderate disruption
21,gen z,india,instagram,live,187,9.0,9,high disruption
17,gen z,brazil,youtube,reels,6,7.0,3,low disruption
38,millennials,uk,youtube,reels,198,8.0,10,high disruption
59,gen x,pakistan,x,shorts,170,9.0,10,high disruption
17,gen z,canada,x,reels,251,3.0,8,high disruption
53,gen x,uk,youtube,posts,248,1.0,7,high disruption
32,millennials,usa,instagram,reels,114,3.0,7,high disruption
50,gen x,brazil,tiktok,live,327,4.0,10,high disruption
49,gen x,uk,tiktok,stories,75,6.0,9,high disruption
38,millennials,india,facebook,shorts,168,8.0,8,high disruption
45,millennials,brazil,facebook,posts,289,4.0,3,low disruption
23,gen z,usa,tiktok,stories,117,5.0,6,moderate disruption
37,millennials,germany,youtube,posts,232,8.0,6,moderate disruption
59,gen x,canada,youtube,shorts,305,3.0,5,moderate disruption
51,gen x,brazil,x,live,20,3.0,3,low disruption
20,gen z,canada,x,shorts,35,6.0,9,high disruption
28,gen z,uk,facebook,posts,166,5.0,7,high disruption
44,millennials,australia,tiktok,posts,310,10.0,4,moderate disruption
46,gen x,usa,youtube,shorts,197,4.0,6,moderate disruption
62,gen x,germany,tiktok,reels,214,8.0,5,moderate disruption
31,millennials,usa,instagram,shorts,236,6.0,1,low disruption
57,gen x,canada,tiktok,live,188,1.0,2,low disruption
45,millennials,usa,instagram,shorts,19,1.0,1,low disruption
31,millennials,germany,x,stories,309,2.0,9,high disruption
27,gen z,australia,x,reels,213,2.0,9,high disruption
32,millennials,uk,facebook,stories,176,4.0,5,moderate disruption
31,millennials,india,tiktok,shorts,270,6.0,8,high disruption
27,gen z,usa,tiktok,reels,24,6.0,10,high disruption
23,gen z,brazil,instagram,stories,74,6.0,4,moderate disruption
35,millennials,india,x,stories,12,2.0,1,low disruption
18,gen z,canada,instagram,reels,38,6.0,4,moderate disruption
31,millennials,uk,x,reels,228,4.0,7,high disruption
45,millennials,pakistan,instagram,posts,183,9.0,2,low disruption
60,gen x,uk,x,reels,250,9.0,2,low disruption
38,millennials,usa,instagram,shorts,264,8.0,6,moderate disruption
43,millennials,brazil,x,live,112,7.0,9,high disruption
55,gen x,australia,instagram,posts,246,2.0,3,low disruption
20,gen z,uk,tiktok,reels,28,1.0,7,high disruption
35,millennials,usa,facebook,live,220,8.0,10,high disruption
55,gen x,usa,instagram,posts,59,5.0,9,high disruption
59,gen x,india,facebook,shorts,30,5.0,9,high disruption
16,gen z,uk,tiktok,live,285,9.0,4,moderate disruption
45,millennials,usa,tiktok,reels,296,6.0,2,low disruption
36,millennials,india,x,reels,331,2.0,1,low disruption
35,millennials,brazil,facebook,shorts,190,3.0,6,moderate disruption
21,gen z,germany,youtube,posts,16,1.0,5,moderate disruption
37,millennials,brazil,x,live,133,7.0,6,moderate disruption
33,millennials,pakistan,facebook,shorts,212,5.0,7,high disruption
23,gen z,india,instagram,posts,137,10.0,9,high disruption
54,gen x,india,instagram,stories,343,7.0,10,high disruption
47,gen x,usa,tiktok,stories,200,1.0,10,high disruption
48,gen x,canada,youtube,posts,266,2.0,6,moderate disruption
31,millennials,canada,instagram,reels,286,5.0,6,moderate disruption
27,gen z,australia,facebook,reels,107,9.0,3,low disruption
53,gen x,canada,facebook,stories,124,3.0,8,high disruption
49,gen x,india,instagram,reels,187,8.0,9,high disruption
29,gen z,australia,facebook,reels,13,3.0,1,low disruption
51,gen x,brazil,facebook,posts,49,3.0,6,moderate disruption
48,gen x,usa,tiktok,posts,248,9.0,7,high disruption
38,millennials,brazil,youtube,reels,274,1.0,8,high disruption
60,gen x,uk,tiktok,posts,116,7.0,10,high disruption
17,gen z,pakistan,youtube,live,59,1.0,8,high disruption
56,gen x,pakistan,facebook,stories,19,8.0,7,high disruption
36,millennials,india,youtube,live,41,8.0,8,high disruption
17,gen z,india,facebook,live,182,9.0,9,high disruption
42,millennials,australia,facebook,reels,131,2.0,10,high disruption
24,gen z,usa,tiktok,reels,121,2.0,7,high disruption
16,gen z,germany,tiktok,live,344,5.0,3,low disruption
26,gen z,india,x,live,76,3.0,9,high disruption
18,gen z,germany,instagram,shorts,356,6.0,1,low disruption
38,millennials,brazil,x,shorts,115,5.0,8,high disruption
41,millennials,germany,x,stories,153,2.0,6,moderate disruption
19,gen z,canada,youtube,live,189,8.0,3,low disruption
33,millennials,usa,facebook,posts,109,8.0,9,high disruption
21,gen z,pakistan,facebook,shorts,151,10.0,6,moderate disruption
50,gen x,pakistan,facebook,reels,225,4.0,7,high disruption
37,millennials,germany,instagram,live,318,4.0,2,low disruption
58,gen x,pakistan,youtube,posts,355,2.0,1,low disruption
30,millennials,brazil,youtube,posts,10,2.0,1,low disruption
37,millennials,usa,facebook,posts,264,4.0,3,low disruption
52,gen x,canada,x,reels,303,10.0,3,low disruption
57,gen x,usa,instagram,shorts,353,1.0,8,high disruption
27,gen z,india,x,posts,46,3.0,7,high disruption
62,gen x,germany,tiktok,shorts,263,1.0,10,high disruption
64,gen x,usa,youtube,stories,275,3.0,8,high disruption
57,gen x,brazil,youtube,reels,51,1.0,1,low disruption
53,gen x,pakistan,x,shorts,89,5.0,4,moderate disruption
33,millennials,uk,instagram,shorts,178,5.0,8,high disruption
60,gen x,usa,youtube,posts,62,2.0,10,high disruption
50,gen x,germany,x,posts,203,2.0,2,low disruption
45,millennials,canada,instagram,reels,213,6.0,7,high disruption
39,millennials,pakistan,x,shorts,252,4.0,8,high disruption
57,gen x,canada,instagram,live,215,1.0,9,high disruption
45,millennials,germany,facebook,posts,43,9.0,7,high disruption
29,gen z,pakistan,instagram,posts,256,4.0,9,high disruption
21,gen z,india,tiktok,stories,135,6.0,2,low disruption
18,gen z,pakistan,facebook,reels,295,9.0,1,low disruption
31,millennials,india,x,shorts,254,4.0,1,low disruption
22,gen z,canada,facebook,shorts,56,8.0,4,moderate disruption
29,gen z,canada,facebook,shorts,18,9.0,1,low disruption
24,gen z,germany,x,posts,160,2.0,7,high disruption
30,millennials,india,x,reels,34,9.0,8,high disruption
36,millennials,canada,tiktok,shorts,94,2.0,3,low disruption
50,gen x,india,x,live,171,3.0,1,low disruption
17,gen z,canada,youtube,stories,355,8.0,3,low disruption
42,millennials,pakistan,youtube,stories,73,9.0,2,low disruption
17,gen z,usa,tiktok,shorts,167,7.0,6,moderate disruption
50,gen x,brazil,instagram,posts,246,2.0,7,high disruption
33,millennials,uk,instagram,stories,56,5.0,9,high disruption
29,gen z,brazil,youtube,stories,146,6.0,5,moderate disruption
35,millennials,pakistan,x,stories,67,3.0,4,moderate disruption
33,millennials,australia,tiktok,stories,296,10.0,1,low disruption
25,gen z,brazil,instagram,shorts,95,4.0,6,moderate disruption
40,millennials,usa,instagram,reels,156,3.0,8,high disruption
17,gen z,australia,facebook,reels,161,2.0,4,moderate disruption
40,millennials,canada,youtube,posts,313,4.0,1,low disruption
48,gen x,uk,x,live,154,7.0,5,moderate disruption
51,gen x,uk,tiktok,reels,332,3.0,10,high disruption
46,gen x,canada,instagram,live,275,8.0,5,moderate disruption
29,gen z,canada,facebook,reels,73,2.0,2,low disruption
16,gen z,india,youtube,reels,120,5.0,6,moderate disruption
61,gen x,canada,youtube,posts,196,7.0,10,high disruption
31,millennials,germany,tiktok,stories,8,2.0,9,high disruption
61,gen x,brazil,instagram,posts,79,6.0,6,moderate disruption
18,gen z,canada,tiktok,reels,302,8.0,8,high disruption
50,gen x,germany,tiktok,stories,245,6.0,10,high disruption
56,gen x,canada,facebook,stories,34,5.0,3,low disruption
21,gen z,india,youtube,stories,147,8.0,10,high disruption
40,millennials,germany,x,live,330,10.0,2,low disruption
28,gen z,brazil,youtube,reels,187,2.0,4,moderate disruption
49,gen x,usa,youtube,shorts,20,7.0,9,high disruption
23,gen z,germany,facebook,posts,115,1.0,9,high disruption
36,millennials,pakistan,x,live,205,1.0,3,low disruption
49,gen x,india,instagram,posts,111,3.0,1,low disruption
19,gen z,australia,x,shorts,166,10.0,1,low disruption
40,millennials,brazil,instagram,stories,287,6.0,4,moderate disruption
30,millennials,germany,x,shorts,273,3.0,4,moderate disruption
19,gen z,pakistan,tiktok,posts,159,2.0,10,high disruption
60,gen x,pakistan,x,shorts,77,9.0,6,moderate disruption
27,gen z,brazil,facebook,reels,201,4.0,5,moderate disruption
47,gen x,brazil,instagram,shorts,247,3.0,6,moderate disruption
47,gen x,pakistan,youtube,reels,90,9.0,10,high disruption
43,millennials,canada,facebook,shorts,291,6.0,7,high disruption
28,gen z,pakistan,instagram,reels,263,2.0,7,high disruption
46,gen x,canada,instagram,reels,290,5.0,10,high disruption
29,gen z,australia,youtube,shorts,153,9.0,10,high disruption
35,millennials,india,tiktok,live,359,9.0,9,high disruption
33,millennials,uk,facebook,stories,194,1.0,6,moderate disruption
44,millennials,canada,youtube,stories,221,3.0,8,high disruption
21,gen z,pakistan,youtube,stories,359,2.0,2,low disruption
47,gen x,pakistan,tiktok,reels,90,6.0,8,high disruption
44,millennials,usa,facebook,stories,220,8.0,9,high disruption
58,gen x,pakistan,youtube,reels,324,3.0,4,moderate disruption
17,gen z,india,tiktok,live,122,8.0,5,moderate disruption
38,millennials,germany,facebook,shorts,91,7.0,5,moderate disruption
34,millennials,germany,x,shorts,44,7.0,2,low disruption
46,gen x,pakistan,instagram,reels,165,10.0,5,moderate disruption
20,gen z,usa,tiktok,reels,195,5.0,9,high disruption
34,millennials,canada,instagram,live,29,4.0,4,moderate disruption
49,gen x,india,x,stories,156,7.0,10,high disruption
25,gen z,usa,youtube,live,99,8.0,3,low disruption
40,millennials,canada,youtube,shorts,50,2.0,7,high disruption
17,gen z,india,facebook,shorts,142,9.0,8,high disruption
26,gen z,pakistan,tiktok,stories,292,1.0,10,high disruption
46,gen x,germany,tiktok,shorts,357,1.0,6,moderate disruption
30,millennials,india,facebook,reels,168,2.0,6,moderate disruption
24,gen z,pakistan,instagram,shorts,20,10.0,5,moderate disruption
38,millennials,australia,youtube,posts,22,5.0,6,moderate disruption
34,millennials,uk,youtube,stories,140,1.0,9,high disruption
24,gen z,india,tiktok,stories,251,10.0,2,low disruption
50,gen x,uk,tiktok,stories,252,8.0,10,high disruption
36,millennials,india,facebook,posts,335,8.0,3,low disruption
24,gen z,uk,x,live,202,3.0,1,low disruption
43,millennials,australia,instagram,reels,5,2.0,4,moderate disruption
61,gen x,germany,x,stories,194,5.0,2,low disruption
22,gen z,brazil,x,shorts,298,8.0,6,moderate disruption
31,millennials,canada,tiktok,reels,49,7.0,1,low disruption
31,millennials,uk,tiktok,shorts,341,7.0,8,high disruption
48,gen x,australia,tiktok,reels,36,8.0,10,high disruption
19,gen z,uk,x,reels,122,3.0,6,moderate disruption
19,gen z,germany,instagram,shorts,300,7.0,9,high disruption
54,gen x,uk,tiktok,shorts,188,4.0,6,moderate disruption
55,gen x,australia,youtube,reels,195,1.0,10,high disruption
32,millennials,pakistan,instagram,stories,239,2.0,7,high disruption
52,gen x,australia,youtube,shorts,242,8.0,5,moderate disruption
54,gen x,brazil,instagram,posts,220,9.0,8,high disruption
44,millennials,brazil,tiktok,posts,78,3.0,8,high disruption
51,gen x,brazil,facebook,reels,115,2.0,10,high disruption
53,gen x,usa,tiktok,live,107,1.0,9,high disruption
54,gen x,germany,x,reels,78,10.0,6,moderate disruption
52,gen x,pakistan,x,reels,256,7.0,1,low disruption
50,gen x,usa,instagram,stories,118,10.0,9,high disruption
22,gen z,germany,x,stories,317,9.0,3,low disruption
42,millennials,pakistan,tiktok,live,334,4.0,9,high disruption
43,millennials,uk,youtube,live,343,2.0,7,high disruption
37,millennials,pakistan,tiktok,live,242,5.0,3,low disruption
29,gen z,australia,instagram,live,177,1.0,9,high disruption
22,gen z,usa,x,live,83,2.0,7,high disruption
52,gen x,uk,youtube,reels,97,3.0,7,high disruption
37,millennials,australia,facebook,reels,54,7.0,7,high disruption
20,gen z,germany,youtube,posts,289,5.0,2,low disruption
17,gen z,pakistan,youtube,posts,227,3.0,4,moderate disruption
42,millennials,australia,tiktok,shorts,85,6.0,10,high disruption
36,millennials,uk,facebook,reels,270,2.0,8,high disruption
53,gen x,usa,instagram,live,159,8.0,2,low disruption
30,millennials,usa,instagram,shorts,237,7.0,4,moderate disruption
36,millennials,brazil,youtube,stories,320,3.0,10,high disruption
25,gen z,pakistan,youtube,reels,240,6.0,8,high disruption
38,millennials,australia,x,posts,163,5.0,3,low disruption
54,gen x,brazil,facebook,reels,320,1.0,6,moderate disruption
20,gen z,uk,youtube,reels,255,3.0,2,low disruption
16,gen z,brazil,x,reels,318,10.0,8,high disruption
28,gen z,india,facebook,reels,305,1.0,8,high disruption
36,millennials,germany,instagram,stories,286,5.0,1,low disruption
41,millennials,brazil,x,posts,106,9.0,3,low disruption
60,gen x,germany,facebook,reels,55,3.0,2,low disruption
36,millennials,uk,x,stories,56,3.0,7,high disruption
33,millennials,india,youtube,shorts,213,9.0,7,high disruption
52,gen x,usa,tiktok,reels,311,3.0,4,moderate disruption
60,gen x,pakistan,instagram,stories,135,7.0,8,high disruption
47,gen x,canada,youtube,live,274,8.0,3,low disruption
51,gen x,canada,youtube,shorts,209,8.0,9,high disruption
32,millennials,pakistan,facebook,posts,223,10.0,5,moderate disruption
50,gen x,uk,x,reels,261,8.0,2,low disruption
64,gen x,india,instagram,reels,189,7.0,9,high disruption
26,gen z,india,youtube,stories,149,9.0,1,low disruption
36,millennials,germany,facebook,posts,182,9.0,8,high disruption
41,millennials,usa,instagram,live,18,10.0,6,moderate disruption
19,gen z,australia,x,shorts,250,8.0,1,low disruption
49,gen x,brazil,youtube,posts,191,2.0,4,moderate disruption
63,gen x,india,youtube,reels,341,7.0,3,low disruption
33,millennials,pakistan,youtube,stories,263,1.0,7,high disruption
55,gen x,australia,instagram,live,358,4.0,7,high disruption
50,gen x,canada,instagram,stories,44,2.0,6,moderate disruption
56,gen x,australia,instagram,shorts,93,10.0,10,high disruption
44,millennials,usa,instagram,posts,129,4.0,10,high disruption
44,millennials,pakistan,facebook,stories,355,7.0,8,high disruption
53,gen x,usa,tiktok,stories,13,6.0,7,high disruption
57,gen x,australia,facebook,reels,354,2.0,4,moderate disruption
36,millennials,brazil,youtube,stories,88,6.0,7,high disruption
57,gen x,uk,facebook,live,25,7.0,1,low disruption
28,gen z,india,x,posts,285,9.0,3,low disruption
64,gen x,pakistan,instagram,shorts,176,1.0,2,low disruption
56,gen x,uk,x,stories,29,3.0,7,high disruption
32,millennials,australia,x,live,107,7.0,9,high disruption
24,gen z,india,youtube,shorts,194,1.0,5,moderate disruption
56,gen x,germany,instagram,live,240,2.0,9,high disruption
16,gen z,uk,x,stories,317,3.0,8,high disruption
17,gen z,uk,youtube,stories,41,7.0,1,low disruption
63,gen x,australia,instagram,posts,276,3.0,2,low disruption
44,millennials,canada,tiktok,reels,297,6.0,6,moderate disruption
48,gen x,australia,youtube,live,336,10.0,5,moderate disruption
25,gen z,uk,facebook,reels,156,8.0,7,high disruption
55,gen x,india,instagram,reels,286,4.0,9,high disruption
36,millennials,brazil,x,shorts,24,5.0,4,moderate disruption
43,millennials,canada,x,shorts,141,2.0,8,high disruption
26,gen z,australia,facebook,live,33,1.0,4,moderate disruption
49,gen x,brazil,facebook,reels,35,3.0,3,low disruption
23,gen z,pakistan,x,posts,23,4.0,2,low disruption
37,millennials,australia,instagram,reels,152,6.0,8,high disruption
23,gen z,uk,youtube,shorts,287,9.0,8,high disruption
64,gen x,brazil,facebook,reels,354,10.0,3,low disruption
30,millennials,uk,facebook,stories,345,1.0,1,low disruption
32,millennials,germany,facebook,stories,304,6.0,6,moderate disruption
38,millennials,brazil,tiktok,posts,167,1.0,5,moderate disruption
39,millennials,brazil,instagram,live,117,7.0,8,high disruption
60,gen x,australia,instagram,reels,154,2.0,6,moderate disruption
34,millennials,uk,instagram,stories,334,9.0,4,moderate disruption
20,gen z,pakistan,instagram,live,259,9.0,10,high disruption
47,gen x,usa,instagram,stories,91,1.0,10,high disruption
59,gen x,canada,x,live,354,8.0,2,low disruption
16,gen z,usa,facebook,live,102,7.0,8,high disruption
38,millennials,canada,x,stories,136,5.0,5,moderate disruption
52,gen x,pakistan,tiktok,shorts,316,6.0,8,high disruption
23,gen z,brazil,youtube,live,101,7.0,5,moderate disruption
28,gen z,brazil,facebook,reels,102,9.0,6,moderate disruption
23,gen z,australia,tiktok,stories,294,8.0,10,high disruption
38,millennials,germany,x,shorts,231,6.0,5,moderate disruption
58,gen x,uk,youtube,stories,149,8.0,3,low disruption
16,gen z,uk,tiktok,posts,160,10.0,10,high disruption
60,gen x,uk,youtube,reels,274,3.0,8,high disruption
39,millennials,australia,tiktok,posts,166,2.0,3,low disruption
50,gen x,canada,x,live,116,7.0,4,moderate disruption
39,millennials,brazil,youtube,live,335,10.0,6,moderate disruption
32,millennials,pakistan,tiktok,posts,189,2.0,2,low disruption
20,gen z,uk,x,posts,209,5.0,7,high disruption
35,millennials,usa,facebook,live,101,1.0,5,moderate disruption
36,millennials,uk,x,shorts,59,8.0,10,high disruption
55,gen x,brazil,x,reels,121,10.0,5,moderate disruption
46,gen x,australia,facebook,stories,97,5.0,5,moderate disruption
61,gen x,pakistan,x,posts,297,4.0,2,low disruption
51,gen x,germany,facebook,reels,208,9.0,10,high disruption
26,gen z,pakistan,facebook,stories,286,2.0,9,high disruption
30,millennials,usa,facebook,stories,193,9.0,3,low disruption
34,millennials,uk,tiktok,posts,327,4.0,7,high disruption
22,gen z,uk,youtube,shorts,88,6.0,5,moderate disruption
43,millennials,india,tiktok,shorts,184,6.0,10,high disruption
58,gen x,canada,facebook,reels,278,6.0,10,high disruption
20,gen z,usa,youtube,reels,185,9.0,5,moderate disruption
20,gen z,india,youtube,live,185,10.0,4,moderate disruption
45,millennials,pakistan,facebook,shorts,287,8.0,10,high disruption
47,gen x,germany,youtube,reels,291,2.0,6,moderate disruption
23,gen z,canada,youtube,live,110,4.0,7,high disruption
25,gen z,usa,tiktok,stories,133,5.0,7,high disruption
53,gen x,uk,youtube,reels,266,9.0,8,high disruption
62,gen x,pakistan,facebook,live,15,5.0,5,moderate disruption
47,gen x,usa,instagram,shorts,166,10.0,7,high disruption
63,gen x,uk,instagram,stories,185,10.0,4,moderate disruption
43,millennials,brazil,instagram,reels,217,6.0,9,high disruption
32,millennials,canada,facebook,shorts,278,9.0,5,moderate disruption
46,gen x,brazil,instagram,stories,25,10.0,3,low disruption
23,gen z,brazil,tiktok,posts,279,9.0,5,moderate disruption
55,gen x,uk,facebook,shorts,264,7.0,9,high disruption
40,millennials,germany,facebook,posts,337,9.0,8,high disruption
24,gen z,pakistan,facebook,reels,120,1.0,1,low disruption
17,gen z,australia,youtube,live,29,7.0,5,moderate disruption
30,millennials,uk,youtube,reels,337,3.0,6,moderate disruption
18,gen z,germany,youtube,shorts,258,2.0,10,high disruption
64,gen x,australia,x,posts,215,9.0,2,low disruption
51,gen x,pakistan,tiktok,posts,309,7.0,6,moderate disruption
19,gen z,brazil,facebook,stories,325,3.0,9,high disruption
29,gen z,canada,facebook,reels,343,4.0,4,moderate disruption
56,gen x,canada,youtube,reels,261,10.0,3,low disruption
56,gen x,pakistan,facebook,shorts,172,9.0,9,high disruption
40,millennials,pakistan,facebook,posts,341,1.0,2,low disruption
25,gen z,usa,instagram,shorts,25,10.0,9,high disruption
36,millennials,germany,facebook,shorts,90,4.0,10,high disruption
51,gen x,brazil,x,posts,19,7.0,2,low disruption
27,gen z,germany,youtube,shorts,54,7.0,10,high disruption
42,millennials,pakistan,tiktok,posts,308,9.0,3,low disruption
55,gen x,india,tiktok,shorts,309,9.0,7,high disruption
17,gen z,india,instagram,live,200,3.0,2,low disruption
28,gen z,australia,tiktok,shorts,305,7.0,1,low disruption
47,gen x,australia,tiktok,shorts,292,4.0,9,high disruption
46,gen x,india,youtube,live,249,5.0,6,moderate disruption
31,millennials,pakistan,youtube,reels,357,6.0,9,high disruption
47,gen x,pakistan,x,posts,205,4.0,3,low disruption
47,gen x,australia,instagram,stories,197,5.0,3,low disruption
49,gen x,uk,tiktok,live,340,2.0,10,high disruption
26,gen z,pakistan,x,reels,150,6.0,3,low disruption
25,gen z,india,instagram,shorts,314,8.0,2,low disruption
30,millennials,germany,tiktok,reels,131,5.0,6,moderate disruption
32,millennials,pakistan,tiktok,live,179,10.0,3,low disruption
55,gen x,brazil,youtube,shorts,138,1.0,5,moderate disruption
33,millennials,pakistan,facebook,reels,70,6.0,5,moderate disruption
24,gen z,uk,instagram,stories,283,6.0,10,high disruption
40,millennials,australia,tiktok,posts,250,1.0,3,low disruption
55,gen x,pakistan,instagram,posts,241,3.0,3,low disruption
29,gen z,canada,x,live,175,9.0,1,low disruption
40,millennials,usa,x,shorts,55,6.0,6,moderate disruption
37,millennials,india,facebook,shorts,332,5.0,3,low disruption
45,millennials,brazil,tiktok,posts,157,4.0,1,low disruption
35,millennials,brazil,youtube,reels,84,9.0,10,high disruption
36,millennials,brazil,tiktok,shorts,149,4.0,9,high disruption
59,gen x,canada,instagram,stories,278,9.0,1,low disruption
47,gen x,brazil,x,stories,159,3.0,5,moderate disruption
61,gen x,brazil,instagram,shorts,341,6.0,5,moderate disruption
64,gen x,australia,facebook,shorts,329,2.0,2,low disruption
36,millennials,germany,x,posts,340,8.0,1,low disruption
50,gen x,usa,youtube,live,147,7.0,6,moderate disruption
47,gen x,canada,x,posts,302,6.0,7,high disruption
45,millennials,usa,tiktok,live,38,1.0,9,high disruption
54,gen x,india,tiktok,stories,308,5.0,8,high disruption
64,gen x,australia,x,live,243,3.0,10,high disruption
27,gen z,pakistan,facebook,posts,142,4.0,3,low disruption
56,gen x,germany,tiktok,shorts,258,9.0,9,high disruption
62,gen x,australia,tiktok,live,9,8.0,1,low disruption
33,millennials,usa,youtube,posts,180,3.0,6,moderate disruption
36,millennials,canada,x,stories,218,10.0,10,high disruption
28,gen z,india,tiktok,live,27,9.0,2,low disruption
36,millennials,india,facebook,stories,322,6.0,10,high disruption
23,gen z,australia,instagram,stories,17,6.0,9,high disruption
61,gen x,pakistan,x,reels,245,9.0,9,high disruption
55,gen x,canada,youtube,live,280,7.0,8,high disruption
61,gen x,pakistan,tiktok,posts,96,6.0,7,high disruption
22,gen z,pakistan,facebook,live,112,8.0,6,moderate disruption
38,millennials,brazil,x,live,233,3.0,2,low disruption
59,gen x,canada,facebook,stories,156,9.0,4,moderate disruption
47,gen x,usa,facebook,stories,112,6.0,10,high disruption
26,gen z,australia,youtube,stories,293,6.0,7,high disruption
37,millennials,australia,x,stories,180,1.0,6,moderate disruption
37,millennials,brazil,tiktok,posts,324,3.0,9,high disruption
58,gen x,uk,youtube,shorts,290,5.0,5,moderate disruption
40,millennials,australia,tiktok,reels,333,4.0,6,moderate disruption
37,millennials,india,instagram,stories,245,8.0,10,high disruption
43,millennials,usa,facebook,stories,149,3.0,6,moderate disruption
44,millennials,canada,instagram,reels,18,2.0,8,high disruption
28,gen z,australia,facebook,stories,279,6.0,8,high disruption
33,millennials,usa,youtube,shorts,75,6.0,6,moderate disruption
17,gen z,brazil,tiktok,live,319,2.0,8,high disruption
44,millennials,australia,tiktok,reels,199,1.0,7,high disruption
36,millennials,canada,youtube,posts,357,9.0,1,low disruption
30,millennials,germany,x,reels,304,1.0,5,moderate disruption
42,millennials,canada,instagram,shorts,15,9.0,10,high disruption
46,gen x,canada,instagram,posts,110,4.0,10,high disruption
30,millennials,canada,tiktok,live,262,7.0,10,high disruption
38,millennials,australia,tiktok,stories,200,2.0,5,moderate disruption
39,millennials,uk,tiktok,reels,149,8.0,10,high disruption
59,gen x,canada,youtube,posts,224,2.0,9,high disruption
28,gen z,brazil,x,reels,354,4.0,7,high disruption
37,millennials,india,instagram,live,178,3.0,7,high disruption
58,gen x,india,facebook,reels,220,8.0,10,high disruption
52,gen x,brazil,youtube,posts,97,9.0,2,low disruption
48,gen x,usa,instagram,shorts,264,4.0,8,high disruption
18,gen z,uk,x,posts,67,3.0,3,low disruption
34,millennials,usa,youtube,reels,33,8.0,9,high disruption
38,millennials,brazil,instagram,live,279,9.0,6,moderate disruption
44,millennials,india,youtube,stories,351,6.0,9,high disruption
45,millennials,pakistan,instagram,stories,289,9.0,9,high disruption
54,gen x,india,instagram,live,74,4.0,7,high disruption
59,gen x,germany,x,reels,283,2.0,10,high disruption
62,gen x,canada,facebook,live,235,2.0,8,high disruption
40,millennials,pakistan,x,reels,306,7.0,2,low disruption
52,gen x,india,instagram,posts,259,4.0,5,moderate disruption
62,gen x,australia,youtube,shorts,176,2.0,3,low disruption
23,gen z,australia,x,reels,184,3.0,1,low disruption
57,gen x,usa,facebook,stories,268,6.0,6,moderate disruption
31,millennials,pakistan,instagram,stories,187,2.0,9,high disruption
23,gen z,usa,x,shorts,326,1.0,2,low disruption
16,gen z,canada,x,reels,209,9.0,9,high disruption
59,gen x,canada,x,shorts,253,3.0,8,high disruption
20,gen z,germany,x,posts,217,3.0,9,high disruption
18,gen z,brazil,youtube,shorts,163,7.0,5,moderate disruption
16,gen z,brazil,facebook,posts,104,9.0,2,low disruption
19,gen z,uk,facebook,stories,321,7.0,10,high disruption
55,gen x,usa,instagram,posts,116,3.0,10,high disruption
50,gen x,canada,tiktok,reels,312,9.0,6,moderate disruption
47,gen x,brazil,youtube,reels,170,5.0,7,high disruption
57,gen x,usa,instagram,reels,40,4.0,3,low disruption
49,gen x,canada,instagram,reels,116,6.0,6,moderate disruption
58,gen x,india,x,live,91,7.0,6,moderate disruption
40,millennials,usa,tiktok,posts,187,6.0,8,high disruption
25,gen z,india,tiktok,reels,89,9.0,1,low disruption
36,millennials,usa,youtube,shorts,273,6.0,4,moderate disruption
61,gen x,uk,tiktok,shorts,169,9.0,1,low disruption
54,gen x,germany,instagram,live,307,6.0,8,high disruption
42,millennials,australia,tiktok,posts,94,4.0,2,low disruption
42,millennials,brazil,tiktok,posts,242,6.0,8,high disruption
17,gen z,australia,facebook,posts,26,1.0,3,low disruption
56,gen x,australia,instagram,live,171,3.0,8,high disruption
63,gen x,india,tiktok,posts,219,8.0,6,moderate disruption
28,gen z,pakistan,tiktok,posts,62,7.0,1,low disruption
24,gen z,canada,x,reels,34,2.0,7,high disruption
51,gen x,australia,tiktok,posts,110,5.0,7,high disruption
37,millennials,uk,tiktok,reels,334,2.0,6,moderate disruption
57,gen x,australia,facebook,reels,171,9.0,1,low disruption
41,millennials,usa,instagram,posts,354,2.0,5,moderate disruption
27,gen z,india,youtube,shorts,158,7.0,1,low disruption
32,millennials,pakistan,instagram,stories,331,6.0,1,low disruption
29,gen z,usa,x,shorts,11,5.0,6,moderate disruption
29,gen z,pakistan,instagram,posts,201,3.0,8,high disruption
49,gen x,usa,tiktok,posts,325,4.0,1,low disruption
35,millennials,usa,x,shorts,50,8.0,2,low disruption
26,gen z,brazil,instagram,posts,22,8.0,5,moderate disruption
31,millennials,germany,x,reels,157,8.0,8,high disruption
46,gen x,germany,youtube,live,268,8.0,4,moderate disruption
21,gen z,canada,instagram,posts,78,2.0,5,moderate disruption
34,millennials,india,tiktok,posts,149,1.0,10,high disruption
52,gen x,uk,x,shorts,106,9.0,5,moderate disruption
19,gen z,uk,facebook,reels,339,8.0,3,low disruption
62,gen x,uk,x,shorts,339,7.0,6,moderate disruption
19,gen z,brazil,facebook,shorts,125,6.0,5,moderate disruption
35,millennials,usa,tiktok,posts,180,4.0,2,low disruption
25,gen z,germany,youtube,reels,67,3.0,10,high disruption
39,millennials,india,facebook,posts,300,7.0,4,moderate disruption
50,gen x,usa,youtube,posts,88,9.0,4,moderate disruption
41,millennials,pakistan,x,posts,19,5.0,7,high disruption
52,gen x,germany,tiktok,posts,359,3.0,7,high disruption
53,gen x,germany,facebook,live,138,3.0,9,high disruption
36,millennials,australia,x,stories,125,1.0,10,high disruption
55,gen x,australia,instagram,reels,323,5.0,2,low disruption
54,gen x,brazil,x,live,132,10.0,6,moderate disruption
36,millennials,india,youtube,stories,292,8.0,2,low disruption
25,gen z,pakistan,tiktok,stories,305,9.0,9,high disruption
53,gen x,india,tiktok,stories,184,6.0,2,low disruption
61,gen x,india,x,live,86,5.0,6,moderate disruption
19,gen z,brazil,instagram,reels,17,10.0,8,high disruption
60,gen x,brazil,youtube,shorts,28,5.0,6,moderate disruption
35,millennials,usa,x,stories,172,9.0,3,low disruption
32,millennials,canada,x,shorts,274,8.0,5,moderate disruption
22,gen z,brazil,tiktok,shorts,74,4.0,4,moderate disruption
19,gen z,india,youtube,posts,322,5.0,1,low disruption
44,millennials,australia,instagram,shorts,93,4.0,5,moderate disruption
29,gen z,canada,tiktok,posts,193,2.0,10,high disruption
18,gen z,usa,x,reels,261,4.0,5,moderate disruption
39,millennials,canada,tiktok,reels,221,9.0,7,high disruption
52,gen x,uk,tiktok,posts,36,8.0,7,high disruption
31,millennials,pakistan,facebook,reels,145,3.0,2,low disruption
19,gen z,canada,tiktok,stories,165,4.0,4,moderate disruption
39,millennials,india,tiktok,reels,36,6.0,1,low disruption
49,gen x,usa,youtube,posts,316,4.0,5,moderate disruption
45,millennials,pakistan,tiktok,stories,156,5.0,5,moderate disruption
33,millennials,india,instagram,shorts,351,7.0,4,moderate disruption
34,millennials,pakistan,x,shorts,264,5.0,10,high disruption
46,gen x,australia,youtube,shorts,220,2.0,7,high disruption
34,millennials,uk,tiktok,posts,283,5.0,6,moderate disruption
64,gen x,australia,instagram,shorts,289,4.0,10,high disruption
61,gen x,india,x,reels,102,3.0,3,low disruption
34,millennials,india,youtube,shorts,34,4.0,2,low disruption
37,millennials,india,instagram,live,94,5.0,4,moderate disruption
39,millennials,germany,tiktok,live,152,9.0,9,high disruption
60,gen x,uk,facebook,shorts,148,7.0,10,high disruption
27,gen z,pakistan,facebook,shorts,71,7.0,5,moderate disruption
45,millennials,brazil,youtube,live,62,5.0,1,low disruption
53,gen x,india,instagram,shorts,285,1.0,3,low disruption
46,gen x,india,x,stories,283,4.0,9,high disruption
51,gen x,pakistan,instagram,live,240,8.0,7,high disruption
34,millennials,brazil,facebook,posts,357,4.0,3,low disruption
63,gen x,australia,youtube,live,132,6.0,1,low disruption
60,gen x,australia,tiktok,reels,341,2.0,4,moderate disruption
51,gen x,india,instagram,stories,213,9.0,9,high disruption
45,millennials,usa,facebook,posts,190,9.0,7,high disruption
64,gen x,germany,x,shorts,173,2.0,5,moderate disruption
48,gen x,australia,youtube,reels,176,7.0,6,moderate disruption
33,millennials,usa,tiktok,reels,264,1.0,1,low disruption
64,gen x,germany,instagram,stories,209,6.0,7,high disruption
43,millennials,india,x,posts,139,2.0,5,moderate disruption
62,gen x,uk,tiktok,reels,50,2.0,7,high disruption
26,gen z,canada,facebook,posts,13,1.0,5,moderate disruption
60,gen x,canada,facebook,posts,165,9.0,5,moderate disruption
48,gen x,india,x,reels,293,8.0,3,low disruption
32,millennials,australia,facebook,posts,344,1.0,5,moderate disruption
21,gen z,usa,youtube,stories,325,6.0,8,high disruption
19,gen z,uk,x,reels,110,3.0,8,high disruption
35,millennials,pakistan,facebook,stories,294,3.0,2,low disruption
63,gen x,germany,instagram,stories,345,9.0,1,low disruption
62,gen x,india,facebook,posts,92,2.0,2,low disruption
42,millennials,uk,youtube,posts,196,6.0,7,high disruption
30,millennials,brazil,tiktok,reels,157,4.0,3,low disruption
21,gen z,uk,tiktok,shorts,315,2.0,8,high disruption
62,gen x,australia,facebook,reels,141,5.0,4,moderate disruption
29,gen z,brazil,tiktok,stories,277,9.0,10,high disruption
26,gen z,germany,facebook,posts,153,8.0,10,high disruption
54,gen x,brazil,youtube,stories,192,2.0,8,high disruption
24,gen z,uk,tiktok,live,145,9.0,2,low disruption
41,millennials,australia,instagram,live,135,9.0,5,moderate disruption
31,millennials,brazil,facebook,stories,8,3.0,6,moderate disruption
20,gen z,usa,tiktok,shorts,267,4.0,1,low disruption
25,gen z,australia,youtube,shorts,30,2.0,1,low disruption
18,gen z,usa,youtube,reels,28,4.0,9,high disruption
28,gen z,usa,instagram,reels,270,7.0,5,moderate disruption
58,gen x,brazil,youtube,reels,233,3.0,4,moderate disruption
64,gen x,brazil,youtube,posts,273,1.0,1,low disruption
45,millennials,pakistan,tiktok,shorts,129,4.0,3,low disruption
60,gen x,pakistan,facebook,stories,176,5.0,4,moderate disruption
21,gen z,uk,x,live,238,6.0,5,moderate disruption
32,millennials,australia,youtube,shorts,299,7.0,10,high disruption
60,gen x,pakistan,youtube,shorts,279,1.0,5,moderate disruption
34,millennials,usa,x,shorts,80,5.0,10,high disruption
57,gen x,pakistan,youtube,reels,312,3.0,8,high disruption
50,gen x,germany,tiktok,posts,218,10.0,3,low disruption
61,gen x,uk,tiktok,stories,162,4.0,7,high disruption
41,millennials,australia,x,reels,306,1.0,6,moderate disruption
20,gen z,australia,youtube,posts,208,1.0,10,high disruption
44,millennials,canada,youtube,shorts,153,3.0,10,high disruption
52,gen x,australia,facebook,posts,79,2.0,10,high disruption
35,millennials,uk,youtube,reels,233,7.0,6,moderate disruption
64,gen x,germany,tiktok,shorts,308,9.0,10,high disruption
36,millennials,australia,instagram,reels,66,3.0,9,high disruption
25,gen z,canada,instagram,stories,62,6.0,7,high disruption
20,gen z,uk,instagram,shorts,278,7.0,7,high disruption
51,gen x,usa,instagram,posts,112,4.0,1,low disruption
21,gen z,india,youtube,reels,191,1.0,1,low disruption
41,millennials,india,youtube,live,233,3.0,9,high disruption
19,gen z,usa,facebook,posts,52,9.0,9,high disruption
54,gen x,pakistan,youtube,posts,323,8.0,10,high disruption
54,gen x,australia,instagram,shorts,272,1.0,3,low disruption
50,gen x,brazil,x,posts,219,3.0,8,high disruption
16,gen z,india,x,reels,294,8.0,9,high disruption
39,millennials,pakistan,tiktok,live,258,5.0,1,low disruption
51,gen x,india,tiktok,stories,91,8.0,3,low disruption
21,gen z,usa,youtube,live,185,3.0,6,moderate disruption
56,gen x,australia,x,reels,29,10.0,4,moderate disruption
61,gen x,australia,instagram,shorts,226,8.0,8,high disruption
59,gen x,pakistan,instagram,reels,53,2.0,9,high disruption
46,gen x,usa,instagram,posts,338,6.0,7,high disruption
35,millennials,pakistan,youtube,shorts,179,2.0,1,low disruption
39,millennials,australia,youtube,stories,315,4.0,2,low disruption
40,millennials,brazil,facebook,stories,278,7.0,1,low disruption
51,gen x,australia,instagram,reels,39,4.0,9,high disruption
36,millennials,uk,instagram,posts,221,7.0,4,moderate disruption
45,millennials,brazil,youtube,stories,213,3.0,10,high disruption
39,millennials,pakistan,youtube,live,164,7.0,8,high disruption
59,gen x,uk,facebook,shorts,11,4.0,5,moderate disruption
57,gen x,usa,facebook,live,273,8.0,5,moderate disruption
45,millennials,germany,tiktok,stories,130,2.0,5,moderate disruption
37,millennials,india,x,stories,329,4.0,5,moderate disruption
43,millennials,uk,instagram,reels,94,5.0,3,low disruption
22,gen z,india,instagram,reels,46,5.0,6,moderate disruption
50,gen x,canada,facebook,shorts,163,5.0,1,low disruption
43,millennials,usa,facebook,reels,206,5.0,8,high disruption
29,gen z,germany,tiktok,posts,286,10.0,4,moderate disruption
25,gen z,canada,x,shorts,336,2.0,6,moderate disruption
31,millennials,canada,tiktok,posts,292,8.0,2,low disruption
31,millennials,australia,x,reels,95,6.0,2,low disruption
46,gen x,canada,instagram,shorts,129,4.0,8,high disruption
57,gen x,usa,tiktok,stories,130,7.0,1,low disruption
40,millennials,uk,facebook,live,56,9.0,8,high disruption
28,gen z,usa,tiktok,stories,107,5.0,10,high disruption
21,gen z,uk,tiktok,posts,191,9.0,10,high disruption
59,gen x,canada,instagram,stories,209,1.0,1,low disruption
24,gen z,canada,facebook,stories,18,7.0,9,high disruption
60,gen x,brazil,facebook,live,108,4.0,1,low disruption
51,gen x,germany,youtube,live,121,4.0,4,moderate disruption
58,gen x,uk,youtube,stories,308,6.0,9,high disruption
35,millennials,canada,youtube,live,97,5.0,1,low disruption
33,millennials,australia,instagram,stories,148,4.0,9,high disruption
58,gen x,brazil,tiktok,shorts,114,3.0,8,high disruption
36,millennials,india,facebook,stories,167,6.0,5,moderate disruption
19,gen z,brazil,facebook,reels,57,5.0,6,moderate disruption
48,gen x,germany,tiktok,live,7,4.0,5,moderate disruption
42,millennials,usa,facebook,live,72,2.0,4,moderate disruption
22,gen z,germany,tiktok,posts,250,8.0,10,high disruption
21,gen z,india,instagram,posts,142,8.0,4,moderate disruption
30,millennials,brazil,instagram,reels,312,3.0,10,high disruption
33,millennials,uk,instagram,live,356,3.0,8,high disruption
47,gen x,usa,tiktok,live,291,3.0,8,high disruption
26,gen z,usa,tiktok,posts,70,9.0,9,high disruption
35,millennials,uk,x,posts,351,8.0,3,low disruption
39,millennials,pakistan,facebook,stories,329,1.0,10,high disruption
30,millennials,pakistan,facebook,live,159,8.0,8,high disruption
63,gen x,germany,x,live,91,1.0,3,low disruption
22,gen z,canada,x,stories,37,3.0,2,low disruption
36,millennials,pakistan,instagram,live,72,9.0,2,low disruption
57,gen x,germany,x,reels,191,9.0,9,high disruption
41,millennials,pakistan,tiktok,posts,196,8.0,4,moderate disruption
59,gen x,india,youtube,posts,217,5.0,5,moderate disruption
29,gen z,australia,tiktok,posts,92,4.0,2,low disruption
52,gen x,canada,x,shorts,355,9.0,9,high disruption
36,millennials,germany,facebook,reels,112,7.0,7,high disruption
33,millennials,australia,tiktok,reels,244,3.0,3,low disruption
20,gen z,australia,facebook,stories,220,5.0,6,moderate disruption
18,gen z,brazil,tiktok,shorts,181,9.0,7,high disruption
38,millennials,pakistan,facebook,live,57,9.0,6,moderate disruption
41,millennials,brazil,tiktok,reels,334,7.0,10,high disruption
52,gen x,uk,facebook,shorts,53,7.0,10,high disruption
39,millennials,india,youtube,shorts,118,1.0,6,moderate disruption
64,gen x,india,instagram,reels,99,6.0,8,high disruption
34,millennials,india,tiktok,stories,29,7.0,8,high disruption
40,millennials,canada,youtube,shorts,136,1.0,5,moderate disruption
36,millennials,usa,instagram,posts,183,9.0,4,moderate disruption
27,gen z,canada,tiktok,shorts,149,9.0,5,moderate disruption
56,gen x,germany,youtube,live,202,3.0,9,high disruption
48,gen x,australia,youtube,reels,329,9.0,10,high disruption
19,gen z,australia,youtube,live,88,7.0,6,moderate disruption
57,gen x,brazil,x,stories,161,6.0,3,low disruption
22,gen z,usa,facebook,posts,89,9.0,3,low disruption
37,millennials,germany,instagram,reels,257,3.0,1,low disruption
48,gen x,usa,facebook,shorts,76,8.0,5,moderate disruption
32,millennials,australia,facebook,posts,227,3.0,6,moderate disruption
39,millennials,pakistan,facebook,shorts,280,8.0,8,high disruption
49,gen x,canada,youtube,stories,287,5.0,9,high disruption
43,millennials,india,facebook,reels,268,2.0,7,high disruption
58,gen x,australia,x,stories,250,4.0,1,low disruption
56,gen x,uk,tiktok,stories,345,3.0,7,high disruption
54,gen x,india,youtube,stories,65,1.0,10,high disruption
37,millennials,australia,instagram,stories,263,2.0,9,high disruption
64,gen x,canada,tiktok,shorts,11,8.0,4,moderate disruption
32,millennials,usa,tiktok,live,192,9.0,7,high disruption
49,gen x,pakistan,tiktok,shorts,8,9.0,9,high disruption
21,gen z,pakistan,facebook,posts,235,9.0,1,low disruption
61,gen x,india,facebook,stories,137,8.0,10,high disruption
21,gen z,canada,youtube,posts,129,1.0,9,high disruption
49,gen x,pakistan,facebook,shorts,19,8.0,4,moderate disruption
16,gen z,pakistan,facebook,stories,17,8.0,8,high disruption
25,gen z,germany,facebook,shorts,122,2.0,3,low disruption
36,millennials,uk,youtube,stories,244,7.0,2,low disruption
20,gen z,india,youtube,shorts,267,5.0,8,high disruption
17,gen z,usa,x,reels,10,9.0,8,high disruption
37,millennials,pakistan,x,live,324,7.0,3,low disruption
63,gen x,germany,x,live,235,10.0,8,high disruption
17,gen z,canada,x,stories,34,2.0,6,moderate disruption
25,gen z,pakistan,tiktok,reels,26,1.0,10,high disruption
49,gen x,brazil,tiktok,posts,160,10.0,9,high disruption
31,millennials,uk,x,reels,122,1.0,10,high disruption
63,gen x,usa,x,stories,344,4.0,6,moderate disruption
54,gen x,canada,instagram,reels,197,7.0,8,high disruption
37,millennials,canada,tiktok,posts,350,9.0,2,low disruption
27,gen z,india,instagram,stories,199,3.0,1,low disruption
39,millennials,pakistan,instagram,live,172,1.0,10,high disruption
62,gen x,india,facebook,reels,243,5.0,10,high disruption
55,gen x,usa,youtube,live,248,5.0,2,low disruption
53,gen x,brazil,tiktok,live,73,3.0,4,moderate disruption
25,gen z,pakistan,x,shorts,99,9.0,10,high disruption
50,gen x,australia,x,posts,81,8.0,9,high disruption
64,gen x,pakistan,youtube,reels,175,9.0,7,high disruption
47,gen x,brazil,tiktok,live,5,2.0,9,high disruption
22,gen z,australia,x,live,66,7.0,9,high disruption
36,millennials,canada,x,posts,211,10.0,9,high disruption
35,millennials,india,facebook,live,158,6.0,8,high disruption
41,millennials,uk,instagram,live,278,2.0,6,moderate disruption
19,gen z,pakistan,x,live,52,10.0,10,high disruption
61,gen x,uk,tiktok,live,141,6.0,7,high disruption
37,millennials,pakistan,youtube,shorts,5,8.0,2,low disruption
30,millennials,canada,facebook,shorts,239,2.0,1,low disruption
55,gen x,india,tiktok,stories,260,7.0,5,moderate disruption
36,millennials,usa,facebook,reels,111,9.0,8,high disruption
30,millennials,usa,instagram,posts,177,6.0,3,low disruption
37,millennials,usa,x,stories,134,3.0,7,high disruption
43,millennials,pakistan,tiktok,shorts,298,2.0,5,moderate disruption
29,gen z,pakistan,youtube,shorts,44,3.0,10,high disruption
42,millennials,uk,instagram,shorts,342,4.0,8,high disruption
56,gen x,india,instagram,stories,20,7.0,6,moderate disruption
55,gen x,brazil,facebook,shorts,131,2.0,6,moderate disruption
43,millennials,pakistan,instagram,stories,353,2.0,7,high disruption
41,millennials,india,tiktok,shorts,207,4.0,7,high disruption
64,gen x,uk,facebook,live,138,5.0,4,moderate disruption
17,gen z,pakistan,instagram,live,263,6.0,10,high disruption
40,millennials,usa,youtube,reels,18,7.0,10,high disruption
18,gen z,usa,tiktok,shorts,70,9.0,10,high disruption
23,gen z,canada,youtube,reels,355,3.0,8,high disruption
59,gen x,australia,youtube,stories,346,6.0,6,moderate disruption
48,gen x,germany,facebook,reels,199,4.0,8,high disruption
57,gen x,brazil,x,shorts,118,1.0,7,high disruption
50,gen x,australia,facebook,stories,163,6.0,1,low disruption
21,gen z,pakistan,tiktok,stories,165,8.0,4,moderate disruption
54,gen x,india,tiktok,live,258,1.0,7,high disruption
38,millennials,pakistan,facebook,stories,19,1.0,9,high disruption
40,millennials,india,x,stories,41,7.0,2,low disruption
58,gen x,india,facebook,reels,159,7.0,5,moderate disruption
34,millennials,australia,tiktok,stories,31,4.0,9,high disruption
20,gen z,germany,x,posts,16,7.0,9,high disruption
26,gen z,canada,tiktok,live,71,10.0,6,moderate disruption
27,gen z,australia,x,live,34,3.0,7,high disruption
25,gen z,germany,x,stories,100,3.0,9,high disruption
23,gen z,usa,facebook,reels,219,2.0,10,high disruption
39,millennials,usa,facebook,live,198,7.0,8,high disruption
43,millennials,india,facebook,live,139,4.0,10,high disruption
56,gen x,uk,x,posts,294,10.0,6,moderate disruption
51,gen x,pakistan,x,stories,36,7.0,6,moderate disruption
52,gen x,pakistan,tiktok,live,43,4.0,7,high disruption
36,millennials,india,youtube,live,356,2.0,7,high disruption
23,gen z,uk,facebook,live,210,6.0,2,low disruption
24,gen z,brazil,tiktok,live,47,3.0,9,high disruption
62,gen x,germany,tiktok,reels,341,9.0,4,moderate disruption
30,millennials,brazil,instagram,shorts,263,5.0,10,high disruption
63,gen x,brazil,facebook,posts,253,3.0,9,high disruption
61,gen x,usa,tiktok,reels,78,6.0,10,high disruption
55,gen x,brazil,instagram,posts,323,2.0,3,low disruption
33,millennials,pakistan,facebook,live,300,6.0,5,moderate disruption
57,gen x,australia,x,posts,278,1.0,5,moderate disruption
35,millennials,uk,instagram,stories,327,6.0,7,high disruption
21,gen z,germany,x,stories,194,6.0,4,moderate disruption
27,gen z,usa,youtube,shorts,142,5.0,4,moderate disruption
17,gen z,brazil,youtube,shorts,306,7.0,1,low disruption
22,gen z,australia,youtube,posts,315,1.0,6,moderate disruption
31,millennials,uk,youtube,reels,335,5.0,4,moderate disruption
18,gen z,india,tiktok,reels,357,5.0,10,high disruption
60,gen x,india,youtube,live,286,5.0,10,high disruption
18,gen z,india,tiktok,reels,170,10.0,5,moderate disruption
42,millennials,pakistan,tiktok,shorts,282,2.0,9,high disruption
58,gen x,germany,facebook,reels,30,7.0,4,moderate disruption
55,gen x,india,tiktok,live,77,4.0,1,low disruption
53,gen x,pakistan,tiktok,stories,119,5.0,9,high disruption
48,gen x,canada,youtube,reels,55,8.0,5,moderate disruption
43,millennials,pakistan,tiktok,reels,175,2.0,10,high disruption
16,gen z,usa,x,shorts,272,8.0,7,high disruption
23,gen z,pakistan,youtube,posts,7,1.0,3,low disruption
52,gen x,germany,instagram,stories,214,5.0,4,moderate disruption
47,gen x,australia,youtube,posts,342,8.0,10,high disruption
63,gen x,brazil,tiktok,live,305,2.0,9,high disruption
58,gen x,pakistan,x,live,346,8.0,10,high disruption
52,gen x,india,youtube,posts,119,2.0,1,low disruption
19,gen z,usa,x,shorts,171,8.0,5,moderate disruption
45,millennials,uk,instagram,shorts,269,5.0,8,high disruption
21,gen z,india,instagram,shorts,231,7.0,10,high disruption
61,gen x,usa,facebook,stories,155,9.0,7,high disruption
34,millennials,canada,facebook,live,272,4.0,4,moderate disruption
47,gen x,brazil,youtube,live,120,3.0,7,high disruption
24,gen z,uk,facebook,live,92,9.0,1,low disruption
27,gen z,canada,x,stories,322,2.0,6,moderate disruption
26,gen z,australia,facebook,live,246,7.0,9,high disruption
61,gen x,usa,x,posts,333,9.0,3,low disruption
31,millennials,canada,facebook,reels,337,7.0,4,moderate disruption
16,gen z,brazil,facebook,stories,44,2.0,8,high disruption
60,gen x,brazil,facebook,reels,186,2.0,5,moderate disruption
36,millennials,australia,tiktok,posts,213,3.0,5,moderate disruption
45,millennials,brazil,tiktok,shorts,277,4.0,1,low disruption
28,gen z,usa,facebook,shorts,123,2.0,6,moderate disruption
49,gen x,usa,x,shorts,28,8.0,2,low disruption
19,gen z,brazil,youtube,stories,262,4.0,1,low disruption
43,millennials,canada,instagram,shorts,96,9.0,6,moderate disruption
53,gen x,usa,tiktok,stories,165,9.0,5,moderate disruption
46,gen x,india,facebook,stories,153,9.0,5,moderate disruption
42,millennials,brazil,instagram,reels,121,3.0,9,high disruption
20,gen z,usa,tiktok,shorts,57,6.0,10,high disruption
40,millennials,germany,youtube,live,306,4.0,10,high disruption
18,gen z,australia,x,shorts,49,3.0,3,low disruption
48,gen x,brazil,facebook,shorts,269,6.0,1,low disruption
19,gen z,usa,youtube,shorts,266,8.0,8,high disruption
40,millennials,germany,tiktok,live,311,1.0,5,moderate disruption
35,millennials,usa,facebook,live,238,3.0,5,moderate disruption
49,gen x,usa,instagram,stories,39,2.0,8,high disruption
41,millennials,canada,x,live,342,8.0,8,high disruption
20,gen z,india,tiktok,stories,201,9.0,2,low disruption
50,gen x,brazil,x,reels,29,1.0,3,low disruption
43,millennials,australia,facebook,stories,206,4.0,10,high disruption
44,millennials,brazil,youtube,shorts,277,9.0,10,high disruption
24,gen z,india,x,posts,40,4.0,1,low disruption
53,gen x,uk,instagram,posts,227,7.0,3,low disruption
21,gen z,canada,tiktok,shorts,356,1.0,4,moderate disruption
34,millennials,canada,instagram,stories,281,5.0,7,high disruption
59,gen x,india,x,shorts,22,5.0,9,high disruption
26,gen z,pakistan,youtube,live,192,8.0,5,moderate disruption
17,gen z,canada,youtube,stories,261,3.0,1,low disruption
62,gen x,brazil,instagram,shorts,146,3.0,2,low disruption
59,gen x,india,facebook,live,140,3.0,10,high disruption
59,gen x,canada,facebook,live,311,6.0,2,low disruption
24,gen z,usa,youtube,stories,83,9.0,9,high disruption
36,millennials,india,instagram,reels,296,8.0,10,high disruption
39,millennials,india,instagram,reels,66,1.0,7,high disruption
49,gen x,brazil,instagram,live,133,9.0,2,low disruption
37,millennials,germany,x,reels,345,1.0,1,low disruption
18,gen z,canada,facebook,live,302,4.0,5,moderate disruption
27,gen z,canada,facebook,reels,261,8.0,1,low disruption
43,millennials,india,x,live,216,1.0,9,high disruption
45,millennials,usa,tiktok,live,58,1.0,3,low disruption
41,millennials,usa,x,live,179,4.0,2,low disruption
63,gen x,australia,instagram,live,104,7.0,6,moderate disruption
36,millennials,usa,x,posts,43,5.0,3,low disruption
43,millennials,canada,instagram,reels,267,4.0,5,moderate disruption
41,millennials,pakistan,youtube,live,154,8.0,10,high disruption
48,gen x,germany,instagram,shorts,125,8.0,8,high disruption
36,millennials,india,facebook,stories,182,8.0,10,high disruption
50,gen x,uk,x,shorts,305,5.0,2,low disruption
49,gen x,germany,instagram,shorts,334,1.0,5,moderate disruption
56,gen x,brazil,tiktok,posts,124,2.0,8,high disruption
62,gen x,brazil,youtube,reels,76,8.0,1,low disruption
33,millennials,pakistan,tiktok,posts,223,8.0,10,high disruption
26,gen z,uk,tiktok,reels,306,10.0,10,high disruption
38,millennials,germany,tiktok,live,127,2.0,4,moderate disruption
63,gen x,usa,youtube,posts,248,2.0,5,moderate disruption
37,millennials,canada,youtube,stories,79,2.0,10,high disruption
32,millennials,pakistan,youtube,reels,10,2.0,3,low disruption
20,gen z,uk,youtube,posts,25,6.0,2,low disruption
59,gen x,pakistan,tiktok,stories,194,10.0,3,low disruption
26,gen z,germany,facebook,shorts,229,6.0,5,moderate disruption
45,millennials,canada,facebook,live,107,5.0,7,high disruption
30,millennials,pakistan,youtube,live,348,7.0,2,low disruption
42,millennials,uk,x,shorts,103,1.0,7,high disruption
50,gen x,india,instagram,posts,322,8.0,6,moderate disruption
48,gen x,germany,x,shorts,87,7.0,7,high disruption
35,millennials,india,x,stories,185,2.0,7,high disruption
31,millennials,usa,x,reels,156,6.0,9,high disruption
49,gen x,india,facebook,posts,60,6.0,7,high disruption
17,gen z,india,instagram,reels,194,1.0,6,moderate disruption
50,gen x,australia,x,shorts,26,3.0,10,high disruption
55,gen x,germany,youtube,live,72,4.0,8,high disruption
43,millennials,usa,facebook,reels,189,3.0,7,high disruption
62,gen x,india,youtube,reels,14,3.0,6,moderate disruption
54,gen x,brazil,youtube,live,70,6.0,4,moderate disruption
21,gen z,canada,x,reels,268,5.0,7,high disruption
24,gen z,uk,youtube,reels,229,7.0,8,high disruption
35,millennials,india,instagram,live,127,10.0,8,high disruption
16,gen z,usa,youtube,live,42,7.0,4,moderate disruption
23,gen z,india,x,shorts,127,6.0,10,high disruption
38,millennials,uk,youtube,shorts,322,9.0,9,high disruption
18,gen z,usa,facebook,reels,160,7.0,3,low disruption
19,gen z,germany,facebook,posts,305,2.0,9,high disruption
40,millennials,usa,facebook,shorts,325,3.0,3,low disruption
62,gen x,germany,tiktok,shorts,71,7.0,7,high disruption
53,gen x,usa,facebook,posts,137,8.0,4,moderate disruption
30,millennials,brazil,facebook,posts,144,10.0,5,moderate disruption
36,millennials,pakistan,tiktok,live,86,6.0,3,low disruption
50,gen x,uk,facebook,shorts,62,9.0,2,low disruption
61,gen x,uk,x,stories,153,1.0,8,high disruption
29,gen z,usa,facebook,stories,135,6.0,7,high disruption
51,gen x,pakistan,facebook,reels,73,9.0,7,high disruption
27,gen z,india,tiktok,shorts,349,3.0,8,high disruption
32,millennials,uk,x,stories,254,2.0,1,low disruption
54,gen x,brazil,youtube,shorts,324,4.0,8,high disruption
24,gen z,germany,instagram,shorts,181,8.0,10,high disruption
50,gen x,germany,x,stories,76,1.0,5,moderate disruption
28,gen z,canada,youtube,shorts,21,6.0,8,high disruption
30,millennials,australia,x,posts,333,2.0,9,high disruption
33,millennials,pakistan,youtube,reels,164,5.0,2,low disruption
48,gen x,australia,youtube,live,74,10.0,3,low disruption
21,gen z,australia,x,stories,117,2.0,6,moderate disruption
42,millennials,germany,tiktok,live,236,1.0,9,high disruption
38,millennials,brazil,x,reels,25,5.0,10,high disruption
42,millennials,brazil,x,posts,139,6.0,10,high disruption
49,gen x,canada,youtube,posts,267,3.0,8,high disruption
61,gen x,australia,instagram,posts,115,6.0,6,moderate disruption
53,gen x,australia,youtube,posts,250,10.0,5,moderate disruption
29,gen z,usa,facebook,stories,287,3.0,3,low disruption
51,gen x,usa,x,stories,12,3.0,4,moderate disruption
23,gen z,usa,x,shorts,288,5.0,7,high disruption
50,gen x,india,tiktok,shorts,211,5.0,7,high disruption
34,millennials,australia,youtube,reels,198,1.0,3,low disruption
45,millennials,brazil,tiktok,shorts,51,6.0,4,moderate disruption
29,gen z,brazil,x,reels,346,10.0,3,low disruption
35,millennials,india,youtube,reels,246,3.0,2,low disruption
64,gen x,brazil,youtube,reels,14,6.0,6,moderate disruption
40,millennials,canada,facebook,posts,293,1.0,7,high disruption
55,gen x,pakistan,facebook,live,135,6.0,4,moderate disruption
39,millennials,germany,instagram,live,274,5.0,5,moderate disruption
29,gen z,australia,facebook,stories,306,6.0,8,high disruption
41,millennials,brazil,youtube,reels,65,6.0,9,high disruption
53,gen x,germany,facebook,posts,168,2.0,7,high disruption
38,millennials,brazil,instagram,shorts,17,8.0,10,high disruption
37,millennials,pakistan,x,shorts,276,6.0,1,low disruption
63,gen x,usa,facebook,stories,212,3.0,3,low disruption
34,millennials,australia,youtube,stories,250,9.0,5,moderate disruption
61,gen x,uk,x,reels,137,1.0,3,low disruption
18,gen z,india,youtube,reels,248,7.0,1,low disruption
57,gen x,india,x,shorts,298,4.0,2,low disruption
34,millennials,australia,youtube,shorts,42,5.0,8,high disruption
24,gen z,pakistan,facebook,shorts,60,3.0,7,high disruption
43,millennials,usa,facebook,shorts,323,4.0,10,high disruption
35,millennials,india,instagram,live,52,1.0,3,low disruption
60,gen x,usa,x,reels,109,7.0,4,moderate disruption
22,gen z,canada,instagram,reels,63,7.0,3,low disruption
29,gen z,germany,tiktok,shorts,81,7.0,4,moderate disruption
24,gen z,pakistan,facebook,posts,222,9.0,8,high disruption
34,millennials,uk,x,shorts,59,9.0,9,high disruption
62,gen x,germany,instagram,stories,59,6.0,7,high disruption
29,gen z,germany,instagram,posts,133,7.0,9,high disruption
53,gen x,canada,tiktok,stories,89,1.0,9,high disruption
51,gen x,india,instagram,posts,218,9.0,7,high disruption
55,gen x,uk,youtube,stories,119,8.0,7,high disruption
32,millennials,india,facebook,shorts,318,1.0,8,high disruption
45,millennials,australia,instagram,shorts,297,6.0,10,high disruption
24,gen z,germany,instagram,posts,53,9.0,3,low disruption
48,gen x,australia,tiktok,stories,71,2.0,8,high disruption
40,millennials,usa,youtube,live,279,4.0,1,low disruption
29,gen z,germany,instagram,posts,133,4.0,6,moderate disruption
26,gen z,india,facebook,posts,33,4.0,2,low disruption
50,gen x,germany,facebook,reels,347,1.0,7,high disruption
56,gen x,usa,instagram,posts,37,3.0,3,low disruption
29,gen z,canada,youtube,live,123,3.0,10,high disruption
45,millennials,australia,facebook,shorts,184,9.0,5,moderate disruption
56,gen x,brazil,facebook,stories,155,4.0,10,high disruption
19,gen z,australia,youtube,reels,137,5.0,2,low disruption
19,gen z,india,youtube,stories,331,4.0,1,low disruption
43,millennials,germany,instagram,shorts,189,2.0,5,moderate disruption
23,gen z,india,x,posts,138,10.0,9,high disruption
17,gen z,canada,tiktok,live,181,8.0,9,high disruption
56,gen x,germany,x,reels,26,6.0,7,high disruption
61,gen x,brazil,x,live,245,5.0,9,high disruption
37,millennials,germany,facebook,live,81,7.0,4,moderate disruption
56,gen x,brazil,youtube,live,208,4.0,3,low disruption
31,millennials,india,facebook,live,8,1.0,4,moderate disruption
44,millennials,india,tiktok,shorts,332,4.0,7,high disruption
64,gen x,usa,instagram,live,169,10.0,8,high disruption
63,gen x,pakistan,tiktok,live,132,2.0,2,low disruption
45,millennials,pakistan,facebook,shorts,49,6.0,5,moderate disruption
27,gen z,canada,facebook,stories,222,1.0,5,moderate disruption
50,gen x,pakistan,facebook,shorts,239,2.0,9,high disruption
26,gen z,usa,facebook,posts,140,6.0,3,low disruption
61,gen x,australia,x,shorts,172,3.0,6,moderate disruption
36,millennials,brazil,instagram,stories,241,9.0,10,high disruption
36,millennials,germany,x,posts,97,4.0,5,moderate disruption
20,gen z,india,facebook,posts,9,2.0,2,low disruption
63,gen x,germany,youtube,reels,160,6.0,2,low disruption
35,millennials,germany,x,live,249,8.0,4,moderate disruption
52,gen x,uk,facebook,posts,85,1.0,4,moderate disruption
18,gen z,australia,facebook,posts,251,5.0,7,high disruption
59,gen x,uk,instagram,stories,347,8.0,1,low disruption
48,gen x,pakistan,tiktok,posts,141,1.0,6,moderate disruption
24,gen z,germany,x,stories,67,9.0,9,high disruption
24,gen z,brazil,x,live,311,3.0,2,low disruption
19,gen z,india,x,reels,120,2.0,5,moderate disruption
50,gen x,brazil,facebook,reels,117,6.0,10,high disruption
32,millennials,germany,instagram,live,35,2.0,10,high disruption
49,gen x,australia,facebook,live,11,7.0,4,moderate disruption
39,millennials,brazil,facebook,shorts,7,5.0,4,moderate disruption
47,gen x,uk,youtube,posts,311,2.0,8,high disruption
16,gen z,india,instagram,posts,247,9.0,6,moderate disruption
23,gen z,germany,x,posts,60,7.0,7,high disruption
60,gen x,canada,tiktok,stories,77,6.0,9,high disruption
38,millennials,australia,x,shorts,14,4.0,3,low disruption
62,gen x,australia,facebook,posts,65,2.0,2,low disruption
55,gen x,canada,instagram,stories,54,7.0,3,low disruption
27,gen z,brazil,instagram,stories,126,8.0,8,high disruption
27,gen z,germany,instagram,reels,179,2.0,9,high disruption
61,gen x,australia,youtube,stories,5,5.0,10,high disruption
62,gen x,india,x,live,42,5.0,5,moderate disruption
30,millennials,germany,youtube,stories,194,4.0,8,high disruption
56,gen x,germany,tiktok,live,83,8.0,7,high disruption
34,millennials,uk,facebook,live,349,1.0,9,high disruption
41,millennials,australia,youtube,reels,342,2.0,4,moderate disruption
44,millennials,australia,youtube,reels,194,1.0,10,high disruption
37,millennials,canada,facebook,stories,188,4.0,3,low disruption
55,gen x,uk,instagram,reels,71,3.0,9,high disruption
36,millennials,brazil,facebook,reels,21,9.0,8,high disruption
53,gen x,pakistan,x,posts,320,8.0,7,high disruption
35,millennials,brazil,facebook,stories,300,1.0,1,low disruption
44,millennials,brazil,instagram,stories,213,8.0,2,low disruption
19,gen z,uk,facebook,stories,349,7.0,9,high disruption
22,gen z,australia,youtube,reels,45,3.0,5,moderate disruption
43,millennials,germany,tiktok,reels,119,1.0,1,low disruption
43,millennials,uk,youtube,live,104,2.0,9,high disruption
19,gen z,canada,tiktok,shorts,349,3.0,1,low disruption
37,millennials,uk,facebook,shorts,353,8.0,8,high disruption
27,gen z,canada,x,shorts,143,5.0,5,moderate disruption
60,gen x,brazil,facebook,posts,320,9.0,6,moderate disruption
18,gen z,pakistan,instagram,reels,328,8.0,1,low disruption
37,millennials,uk,facebook,live,338,3.0,2,low disruption
59,gen x,canada,tiktok,live,306,9.0,7,high disruption
17,gen z,uk,youtube,shorts,298,2.0,2,low disruption
39,millennials,pakistan,x,posts,21,1.0,5,moderate disruption
49,gen x,brazil,facebook,posts,326,6.0,9,high disruption
42,millennials,uk,facebook,shorts,296,4.0,5,moderate disruption
56,gen x,india,youtube,shorts,78,4.0,3,low disruption
16,gen z,canada,x,reels,267,7.0,6,moderate disruption
23,gen z,pakistan,facebook,posts,20,9.0,7,high disruption
38,millennials,canada,facebook,live,18,4.0,10,high disruption
53,gen x,canada,tiktok,shorts,340,4.0,10,high disruption
21,gen z,usa,tiktok,reels,285,6.0,8,high disruption
37,millennials,pakistan,instagram,live,8,7.0,3,low disruption
40,millennials,uk,youtube,posts,131,2.0,4,moderate disruption
33,millennials,canada,x,shorts,316,9.0,10,high disruption
32,millennials,australia,facebook,shorts,10,7.0,4,moderate disruption
27,gen z,usa,facebook,reels,133,6.0,2,low disruption
21,gen z,india,instagram,reels,236,9.0,7,high disruption
41,millennials,canada,facebook,posts,317,9.0,4,moderate disruption
42,millennials,brazil,youtube,shorts,199,2.0,4,moderate disruption
23,gen z,canada,instagram,reels,69,2.0,8,high disruption
34,millennials,usa,youtube,shorts,325,8.0,6,moderate disruption
57,gen x,uk,instagram,posts,107,10.0,6,moderate disruption
16,gen z,australia,facebook,shorts,281,7.0,9,high disruption
44,millennials,brazil,instagram,live,162,4.0,4,moderate disruption
60,gen x,india,tiktok,shorts,228,7.0,9,high disruption
64,gen x,brazil,x,stories,293,3.0,1,low disruption
50,gen x,canada,facebook,stories,282,10.0,9,high disruption
55,gen x,uk,x,posts,186,5.0,1,low disruption
29,gen z,pakistan,facebook,posts,8,9.0,7,high disruption
50,gen x,australia,x,posts,219,5.0,6,moderate disruption
63,gen x,pakistan,tiktok,live,221,9.0,7,high disruption
60,gen x,australia,x,live,213,4.0,9,high disruption
35,millennials,india,instagram,shorts,78,8.0,10,high disruption
64,gen x,germany,x,reels,231,10.0,4,moderate disruption
28,gen z,australia,facebook,stories,97,7.0,9,high disruption
53,gen x,germany,youtube,stories,69,7.0,3,low disruption
64,gen x,pakistan,x,stories,325,1.0,10,high disruption
61,gen x,australia,x,shorts,14,5.0,9,high disruption
64,gen x,india,x,shorts,307,9.0,1,low disruption
23,gen z,usa,facebook,posts,326,3.0,5,moderate disruption
58,gen x,india,x,reels,309,8.0,10,high disruption
35,millennials,india,facebook,posts,282,7.0,5,moderate disruption
48,gen x,usa,facebook,shorts,90,3.0,1,low disruption
41,millennials,usa,youtube,live,30,3.0,1,low disruption
54,gen x,uk,instagram,posts,222,5.0,3,low disruption
36,millennials,australia,facebook,shorts,99,2.0,9,high disruption
64,gen x,pakistan,tiktok,shorts,248,9.0,7,high disruption
57,gen x,uk,x,live,111,8.0,6,moderate disruption
58,gen x,usa,tiktok,live,252,4.0,9,high disruption
56,gen x,germany,x,live,18,3.0,4,moderate disruption
24,gen z,pakistan,youtube,reels,165,7.0,4,moderate disruption
39,millennials,germany,facebook,shorts,75,5.0,3,low disruption
52,gen x,india,instagram,live,156,3.0,5,moderate disruption
64,gen x,canada,facebook,reels,79,5.0,5,moderate disruption
56,gen x,india,x,stories,219,9.0,10,high disruption
32,millennials,india,instagram,stories,55,1.0,7,high disruption
39,millennials,canada,facebook,stories,147,4.0,7,high disruption
36,millennials,australia,instagram,shorts,40,10.0,6,moderate disruption
54,gen x,usa,x,reels,171,1.0,4,moderate disruption
56,gen x,germany,youtube,reels,240,9.0,7,high disruption
54,gen x,india,youtube,stories,264,4.0,2,low disruption
28,gen z,canada,facebook,posts,196,2.0,9,high disruption
26,gen z,uk,tiktok,stories,206,1.0,7,high disruption
61,gen x,india,x,shorts,266,1.0,2,low disruption
34,millennials,germany,facebook,stories,189,2.0,10,high disruption
26,gen z,usa,facebook,stories,162,1.0,2,low disruption
28,gen z,india,youtube,reels,250,4.0,6,moderate disruption
61,gen x,india,instagram,stories,114,1.0,7,high disruption
60,gen x,australia,x,live,103,7.0,9,high disruption
16,gen z,brazil,instagram,live,245,8.0,4,moderate disruption
55,gen x,canada,x,posts,206,9.0,8,high disruption
59,gen x,uk,tiktok,shorts,126,6.0,10,high disruption
34,millennials,uk,youtube,shorts,121,9.0,2,low disruption
27,gen z,pakistan,tiktok,reels,100,1.0,6,moderate disruption
23,gen z,usa,facebook,shorts,238,2.0,4,moderate disruption
23,gen z,pakistan,youtube,posts,71,3.0,8,high disruption
60,gen x,germany,facebook,live,222,8.0,9,high disruption
27,gen z,usa,tiktok,reels,19,9.0,2,low disruption
63,gen x,india,x,live,277,6.0,7,high disruption
48,gen x,brazil,facebook,posts,223,4.0,7,high disruption
60,gen x,india,instagram,reels,278,7.0,8,high disruption
41,millennials,uk,x,stories,151,2.0,5,moderate disruption
54,gen x,germany,x,shorts,336,5.0,3,low disruption
43,millennials,canada,tiktok,posts,348,5.0,1,low disruption
20,gen z,germany,tiktok,reels,156,2.0,4,moderate disruption
23,gen z,india,youtube,live,351,1.0,3,low disruption
40,millennials,canada,youtube,reels,308,8.0,2,low disruption
42,millennials,germany,instagram,stories,19,6.0,6,moderate disruption
61,gen x,brazil,x,posts,358,4.0,7,high disruption
38,millennials,brazil,instagram,reels,88,5.0,10,high disruption
45,millennials,germany,instagram,posts,196,10.0,7,high disruption
60,gen x,canada,tiktok,posts,45,4.0,8,high disruption
62,gen x,india,instagram,live,356,1.0,2,low disruption
38,millennials,germany,instagram,shorts,328,5.0,10,high disruption
64,gen x,canada,facebook,stories,265,7.0,6,moderate disruption
62,gen x,australia,youtube,reels,313,1.0,6,moderate disruption
35,millennials,brazil,youtube,shorts,140,4.0,10,high disruption
33,millennials,australia,x,live,282,4.0,1,low disruption
33,millennials,india,youtube,shorts,110,5.0,2,low disruption
17,gen z,canada,x,posts,11,3.0,9,high disruption
19,gen z,australia,facebook,posts,306,7.0,8,high disruption
45,millennials,canada,youtube,stories,34,9.0,4,moderate disruption
48,gen x,germany,facebook,reels,130,9.0,6,moderate disruption
51,gen x,india,youtube,reels,83,7.0,2,low disruption
33,millennials,australia,youtube,live,71,5.0,5,moderate disruption
52,gen x,pakistan,facebook,stories,27,8.0,2,low disruption
34,millennials,germany,instagram,reels,193,8.0,5,moderate disruption
62,gen x,brazil,instagram,posts,78,8.0,7,high disruption
43,millennials,pakistan,instagram,stories,9,2.0,7,high disruption
55,gen x,pakistan,instagram,shorts,86,1.0,9,high disruption
35,millennials,usa,youtube,stories,29,10.0,3,low disruption
64,gen x,usa,tiktok,stories,268,10.0,4,moderate disruption
48,gen x,india,facebook,reels,6,6.0,9,high disruption
27,gen z,australia,tiktok,live,282,10.0,8,high disruption
30,millennials,australia,tiktok,live,332,8.0,7,high disruption
56,gen x,australia,x,reels,347,5.0,8,high disruption
54,gen x,canada,instagram,reels,228,4.0,9,high disruption
17,gen z,germany,youtube,reels,76,6.0,4,moderate disruption
44,millennials,australia,instagram,live,72,5.0,5,moderate disruption
56,gen x,germany,instagram,reels,324,10.0,9,high disruption
25,gen z,india,tiktok,shorts,98,5.0,7,high disruption
17,gen z,pakistan,x,shorts,23,8.0,4,moderate disruption
26,gen z,australia,instagram,posts,132,8.0,6,moderate disruption
28,gen z,india,facebook,shorts,347,1.0,1,low disruption
25,gen z,australia,facebook,stories,86,1.0,1,low disruption
29,gen z,usa,instagram,posts,258,7.0,9,high disruption
33,millennials,uk,tiktok,shorts,225,3.0,8,high disruption
24,gen z,india,tiktok,stories,347,7.0,1,low disruption
54,gen x,australia,youtube,shorts,101,2.0,2,low disruption
43,millennials,brazil,x,stories,56,4.0,4,moderate disruption
18,gen z,uk,tiktok,reels,179,1.0,1,low disruption
35,millennials,india,youtube,stories,342,3.0,2,low disruption
21,gen z,brazil,facebook,reels,186,1.0,5,moderate disruption
42,millennials,brazil,facebook,stories,357,10.0,8,high disruption
17,gen z,canada,facebook,stories,119,4.0,6,moderate disruption
44,millennials,brazil,instagram,shorts,352,9.0,6,moderate disruption
53,gen x,australia,x,stories,5,10.0,4,moderate disruption
18,gen z,canada,youtube,shorts,67,9.0,2,low disruption
31,millennials,usa,x,stories,252,5.0,3,low disruption
45,millennials,australia,instagram,live,235,8.0,6,moderate disruption
55,gen x,pakistan,youtube,posts,230,2.0,6,moderate disruption
17,gen z,brazil,youtube,shorts,23,1.0,5,moderate disruption
32,millennials,usa,tiktok,shorts,35,9.0,6,moderate disruption
56,gen x,uk,x,reels,337,1.0,6,moderate disruption
27,gen z,india,x,live,125,10.0,1,low disruption
50,gen x,brazil,tiktok,reels,28,7.0,6,moderate disruption
58,gen x,germany,facebook,live,329,4.0,5,moderate disruption
16,gen z,usa,instagram,live,215,2.0,8,high disruption
60,gen x,germany,x,stories,165,7.0,9,high disruption
30,millennials,brazil,tiktok,reels,259,6.0,6,moderate disruption
41,millennials,germany,youtube,posts,63,7.0,10,high disruption
52,gen x,brazil,tiktok,live,118,4.0,4,moderate disruption
36,millennials,india,facebook,live,164,1.0,3,low disruption
64,gen x,uk,instagram,shorts,224,3.0,10,high disruption
46,gen x,india,facebook,stories,173,3.0,1,low disruption
40,millennials,australia,youtube,posts,16,1.0,7,high disruption
38,millennials,usa,youtube,live,246,1.0,5,moderate disruption
39,millennials,germany,youtube,shorts,143,4.0,4,moderate disruption
53,gen x,india,youtube,reels,101,7.0,9,high disruption
43,millennials,brazil,tiktok,live,151,6.0,7,high disruption
36,millennials,india,youtube,shorts,186,3.0,10,high disruption
58,gen x,india,youtube,reels,61,6.0,8,high disruption
33,millennials,usa,tiktok,stories,46,7.0,4,moderate disruption
51,gen x,uk,youtube,reels,358,5.0,10,high disruption
50,gen x,pakistan,facebook,live,203,5.0,10,high disruption
60,gen x,india,facebook,posts,35,4.0,8,high disruption
24,gen z,usa,x,reels,184,2.0,4,moderate disruption
53,gen x,germany,facebook,posts,6,4.0,1,low disruption
45,millennials,brazil,instagram,posts,292,4.0,8,high disruption
59,gen x,australia,instagram,reels,142,6.0,1,low disruption
49,gen x,pakistan,instagram,stories,109,9.0,3,low disruption
47,gen x,canada,tiktok,reels,222,4.0,7,high disruption
18,gen z,pakistan,facebook,shorts,226,7.0,3,low disruption
18,gen z,brazil,instagram,posts,335,8.0,8,high disruption
43,millennials,pakistan,x,live,109,3.0,5,moderate disruption
59,gen x,brazil,tiktok,posts,131,9.0,3,low disruption
30,millennials,usa,x,live,269,1.0,5,moderate disruption
56,gen x,canada,facebook,shorts,204,9.0,5,moderate disruption
38,millennials,india,youtube,shorts,256,2.0,8,high disruption
55,gen x,india,x,shorts,19,4.0,9,high disruption
26,gen z,pakistan,youtube,reels,230,6.0,6,moderate disruption
63,gen x,usa,tiktok,posts,357,9.0,10,high disruption
47,gen x,canada,x,live,109,3.0,3,low disruption
51,gen x,india,x,shorts,237,8.0,2,low disruption
48,gen x,germany,tiktok,shorts,323,7.0,3,low disruption
39,millennials,uk,tiktok,live,223,2.0,9,high disruption
54,gen x,uk,instagram,posts,281,5.0,7,high disruption
49,gen x,india,facebook,posts,265,5.0,9,high disruption
43,millennials,canada,x,live,345,3.0,6,moderate disruption
52,gen x,australia,x,stories,340,8.0,8,high disruption
22,gen z,india,tiktok,posts,194,9.0,10,high disruption
19,gen z,australia,tiktok,live,202,7.0,9,high disruption
52,gen x,australia,facebook,live,357,10.0,3,low disruption
16,gen z,brazil,tiktok,shorts,281,1.0,7,high disruption
16,gen z,brazil,youtube,live,340,1.0,9,high disruption
62,gen x,canada,youtube,reels,43,9.0,2,low disruption
35,millennials,australia,youtube,shorts,166,9.0,7,high disruption
34,millennials,germany,youtube,shorts,125,2.0,5,moderate disruption
44,millennials,canada,facebook,posts,266,4.0,8,high disruption
25,gen z,india,x,stories,220,8.0,4,moderate disruption
33,millennials,pakistan,youtube,posts,316,2.0,1,low disruption
43,millennials,germany,tiktok,reels,53,3.0,10,high disruption
50,gen x,usa,youtube,shorts,96,7.0,8,high disruption
58,gen x,uk,facebook,shorts,133,10.0,6,moderate disruption
62,gen x,india,tiktok,live,325,8.0,8,high disruption
46,gen x,india,youtube,stories,32,8.0,3,low disruption
42,millennials,india,x,stories,152,4.0,8,high disruption
26,gen z,germany,tiktok,live,332,7.0,8,high disruption
64,gen x,usa,tiktok,reels,69,2.0,1,low disruption
64,gen x,pakistan,x,stories,222,10.0,4,moderate disruption
53,gen x,canada,tiktok,shorts,55,5.0,7,high disruption
20,gen z,brazil,youtube,reels,309,7.0,1,low disruption
23,gen z,usa,tiktok,posts,78,9.0,3,low disruption
49,gen x,germany,youtube,posts,203,1.0,3,low disruption
63,gen x,india,x,reels,196,10.0,6,moderate disruption
27,gen z,uk,instagram,shorts,193,4.0,5,moderate disruption
53,gen x,india,x,posts,16,4.0,7,high disruption
16,gen z,canada,youtube,shorts,243,2.0,3,low disruption
46,gen x,australia,facebook,live,85,9.0,1,low disruption
19,gen z,uk,x,stories,274,9.0,3,low disruption
64,gen x,india,facebook,reels,294,1.0,8,high disruption
60,gen x,pakistan,facebook,stories,52,1.0,5,moderate disruption
20,gen z,uk,youtube,live,321,9.0,3,low disruption
45,millennials,australia,youtube,posts,213,2.0,8,high disruption
39,millennials,brazil,instagram,shorts,39,6.0,6,moderate disruption
18,gen z,usa,tiktok,shorts,123,6.0,3,low disruption
26,gen z,germany,x,live,69,9.0,5,moderate disruption
60,gen x,brazil,youtube,reels,319,6.0,1,low disruption
19,gen z,india,x,stories,246,5.0,6,moderate disruption
41,millennials,canada,facebook,posts,40,10.0,9,high disruption
42,millennials,usa,tiktok,reels,256,3.0,7,high disruption
61,gen x,brazil,instagram,live,247,3.0,8,high disruption
58,gen x,india,x,live,46,1.0,6,moderate disruption
42,millennials,usa,tiktok,shorts,73,10.0,5,moderate disruption
57,gen x,brazil,instagram,posts,111,7.0,6,moderate disruption
21,gen z,canada,x,reels,43,1.0,7,high disruption
30,millennials,india,tiktok,shorts,73,7.0,9,high disruption
45,millennials,australia,youtube,posts,184,4.0,8,high disruption
57,gen x,australia,x,stories,16,10.0,5,moderate disruption
52,gen x,canada,tiktok,stories,343,3.0,7,high disruption
52,gen x,uk,instagram,shorts,208,7.0,8,high disruption
57,gen x,canada,tiktok,reels,40,6.0,1,low disruption
52,gen x,uk,youtube,posts,130,1.0,8,high disruption
50,gen x,india,x,stories,67,9.0,7,high disruption
38,millennials,brazil,x,stories,336,2.0,2,low disruption
21,gen z,uk,x,reels,86,7.0,2,low disruption
19,gen z,india,youtube,shorts,311,8.0,6,moderate disruption
33,millennials,india,instagram,live,303,6.0,3,low disruption
24,gen z,pakistan,x,posts,38,1.0,1,low disruption
64,gen x,germany,instagram,stories,244,10.0,8,high disruption
44,millennials,india,tiktok,live,101,3.0,7,high disruption
28,gen z,uk,instagram,reels,53,6.0,4,moderate disruption
62,gen x,germany,instagram,shorts,150,8.0,1,low disruption
32,millennials,germany,x,posts,129,9.0,2,low disruption
60,gen x,india,facebook,reels,193,6.0,9,high disruption
47,gen x,canada,facebook,shorts,61,3.0,4,moderate disruption
63,gen x,canada,youtube,reels,353,8.0,3,low disruption
37,millennials,australia,youtube,stories,113,2.0,8,high disruption
19,gen z,germany,facebook,stories,9,1.0,4,moderate disruption
20,gen z,india,tiktok,live,28,9.0,7,high disruption
52,gen x,pakistan,x,reels,225,6.0,5,moderate disruption
56,gen x,canada,x,stories,319,1.0,5,moderate disruption
64,gen x,pakistan,tiktok,shorts,298,6.0,6,moderate disruption
28,gen z,india,tiktok,live,14,2.0,4,moderate disruption
49,gen x,india,facebook,posts,169,1.0,2,low disruption
60,gen x,brazil,youtube,reels,219,2.0,6,moderate disruption
37,millennials,germany,tiktok,stories,130,8.0,5,moderate disruption
38,millennials,brazil,youtube,shorts,271,8.0,3,low disruption
18,gen z,pakistan,instagram,reels,284,6.0,4,moderate disruption
57,gen x,brazil,x,shorts,92,2.0,3,low disruption
49,gen x,australia,facebook,live,118,8.0,3,low disruption
47,gen x,germany,x,stories,25,4.0,4,moderate disruption
60,gen x,usa,facebook,stories,152,5.0,2,low disruption
64,gen x,brazil,instagram,live,249,9.0,4,moderate disruption
36,millennials,pakistan,x,shorts,270,5.0,10,high disruption
61,gen x,canada,instagram,reels,221,6.0,2,low disruption
59,gen x,canada,facebook,shorts,244,10.0,10,high disruption
36,millennials,canada,tiktok,reels,236,5.0,8,high disruption
59,gen x,uk,x,live,236,6.0,10,high disruption
26,gen z,india,instagram,posts,246,6.0,5,moderate disruption
54,gen x,germany,x,reels,194,3.0,7,high disruption
19,gen z,canada,x,stories,233,8.0,4,moderate disruption
16,gen z,usa,x,stories,70,7.0,10,high disruption
43,millennials,canada,youtube,stories,283,3.0,6,moderate disruption
39,millennials,australia,instagram,shorts,273,1.0,10,high disruption
50,gen x,india,instagram,shorts,213,10.0,4,moderate disruption
28,gen z,pakistan,x,shorts,20,6.0,6,moderate disruption
62,gen x,india,tiktok,stories,301,2.0,1,low disruption
49,gen x,brazil,x,reels,224,3.0,6,moderate disruption
26,gen z,pakistan,youtube,stories,261,6.0,6,moderate disruption
51,gen x,pakistan,facebook,reels,272,2.0,2,low disruption
32,millennials,brazil,youtube,shorts,233,1.0,10,high disruption
50,gen x,germany,tiktok,posts,123,8.0,10,high disruption
33,millennials,brazil,x,shorts,182,7.0,9,high disruption
55,gen x,uk,instagram,live,24,3.0,6,moderate disruption
37,millennials,pakistan,x,reels,40,1.0,7,high disruption
39,millennials,pakistan,tiktok,posts,339,5.0,2,low disruption
34,millennials,brazil,instagram,shorts,112,3.0,2,low disruption
52,gen x,germany,youtube,posts,193,4.0,2,low disruption
54,gen x,canada,facebook,stories,182,3.0,10,high disruption
36,millennials,australia,facebook,reels,100,2.0,9,high disruption
23,gen z,usa,x,live,319,4.0,3,low disruption
43,millennials,germany,youtube,stories,24,10.0,4,moderate disruption
20,gen z,uk,tiktok,posts,168,3.0,1,low disruption
32,millennials,germany,facebook,shorts,101,4.0,1,low disruption
52,gen x,india,youtube,reels,147,4.0,4,moderate disruption
51,gen x,canada,x,live,66,5.0,2,low disruption
34,millennials,canada,instagram,shorts,246,9.0,8,high disruption
42,millennials,pakistan,x,live,242,4.0,4,moderate disruption
49,gen x,canada,x,reels,135,8.0,3,low disruption
26,gen z,canada,youtube,posts,97,2.0,3,low disruption
60,gen x,brazil,facebook,live,95,9.0,6,moderate disruption
62,gen x,canada,youtube,reels,137,2.0,6,moderate disruption
27,gen z,canada,instagram,live,127,1.0,6,moderate disruption
36,millennials,usa,youtube,shorts,346,2.0,6,moderate disruption
26,gen z,uk,tiktok,live,122,2.0,8,high disruption
54,gen x,pakistan,x,shorts,202,5.0,8,high disruption
43,millennials,brazil,facebook,shorts,286,5.0,9,high disruption
20,gen z,canada,instagram,reels,5,7.0,1,low disruption
32,millennials,pakistan,x,stories,215,1.0,10,high disruption
35,millennials,uk,youtube,live,267,5.0,8,high disruption
56,gen x,brazil,tiktok,posts,336,4.0,5,moderate disruption
61,gen x,australia,youtube,shorts,216,6.0,3,low disruption
27,gen z,canada,x,stories,91,1.0,10,high disruption
21,gen z,pakistan,instagram,shorts,157,1.0,3,low disruption
32,millennials,germany,facebook,stories,354,5.0,6,moderate disruption
34,millennials,brazil,x,stories,191,8.0,8,high disruption
41,millennials,brazil,instagram,posts,65,7.0,10,high disruption
63,gen x,pakistan,x,stories,289,1.0,2,low disruption
59,gen x,canada,tiktok,posts,99,2.0,9,high disruption
59,gen x,india,youtube,reels,278,3.0,5,moderate disruption
47,gen x,usa,facebook,shorts,45,5.0,5,moderate disruption
21,gen z,germany,instagram,posts,151,6.0,1,low disruption
51,gen x,germany,facebook,shorts,250,3.0,6,moderate disruption
53,gen x,india,facebook,live,136,4.0,5,moderate disruption
26,gen z,canada,facebook,reels,301,6.0,7,high disruption
48,gen x,brazil,instagram,live,127,4.0,7,high disruption
39,millennials,brazil,instagram,live,147,2.0,4,moderate disruption
38,millennials,usa,facebook,stories,186,5.0,5,moderate disruption
30,millennials,germany,youtube,stories,196,4.0,10,high disruption
42,millennials,usa,x,live,211,9.0,8,high disruption
26,gen z,germany,facebook,stories,235,8.0,2,low disruption
32,millennials,canada,tiktok,shorts,26,2.0,1,low disruption
29,gen z,australia,facebook,stories,84,2.0,6,moderate disruption
42,millennials,germany,instagram,live,134,4.0,4,moderate disruption
33,millennials,australia,x,stories,296,4.0,10,high disruption
43,millennials,germany,tiktok,stories,280,9.0,3,low disruption
62,gen x,brazil,x,posts,327,3.0,7,high disruption
62,gen x,uk,x,posts,59,9.0,8,high disruption
19,gen z,canada,tiktok,live,70,5.0,4,moderate disruption
22,gen z,india,facebook,shorts,231,9.0,10,high disruption
60,gen x,australia,facebook,reels,30,7.0,6,moderate disruption
50,gen x,india,facebook,reels,257,7.0,2,low disruption
63,gen x,canada,youtube,live,201,5.0,8,high disruption
24,gen z,pakistan,facebook,shorts,134,8.0,6,moderate disruption
23,gen z,india,tiktok,shorts,247,3.0,9,high disruption
60,gen x,canada,youtube,shorts,316,9.0,6,moderate disruption
32,millennials,brazil,facebook,posts,216,7.0,6,moderate disruption
32,millennials,india,youtube,live,194,5.0,2,low disruption
64,gen x,australia,tiktok,reels,294,10.0,5,moderate disruption
48,gen x,uk,facebook,shorts,230,9.0,9,high disruption
47,gen x,india,instagram,live,250,8.0,1,low disruption
23,gen z,australia,tiktok,reels,60,3.0,4,moderate disruption
34,millennials,germany,x,posts,59,10.0,10,high disruption
53,gen x,canada,x,stories,280,8.0,10,high disruption
18,gen z,usa,tiktok,reels,310,6.0,3,low disruption
20,gen z,pakistan,x,reels,344,9.0,1,low disruption
28,gen z,brazil,tiktok,reels,157,2.0,1,low disruption
62,gen x,usa,instagram,stories,57,2.0,1,low disruption
61,gen x,brazil,tiktok,shorts,115,6.0,1,low disruption
46,gen x,canada,facebook,stories,208,1.0,2,low disruption
31,millennials,brazil,facebook,reels,116,7.0,5,moderate disruption
47,gen x,uk,youtube,posts,329,3.0,2,low disruption
37,millennials,india,x,reels,262,2.0,4,moderate disruption
44,millennials,uk,x,posts,20,4.0,9,high disruption
37,millennials,usa,tiktok,live,354,5.0,3,low disruption
58,gen x,pakistan,x,posts,170,2.0,2,low disruption
18,gen z,australia,facebook,reels,305,1.0,4,moderate disruption
25,gen z,pakistan,instagram,stories,284,4.0,9,high disruption
57,gen x,canada,tiktok,reels,162,8.0,4,moderate disruption
36,millennials,canada,x,reels,253,9.0,5,moderate disruption
31,millennials,uk,facebook,live,185,1.0,4,moderate disruption
27,gen z,australia,youtube,shorts,195,5.0,8,high disruption
17,gen z,uk,x,reels,143,3.0,4,moderate disruption
56,gen x,india,instagram,live,82,4.0,2,low disruption
39,millennials,germany,instagram,stories,340,9.0,4,moderate disruption
50,gen x,australia,x,live,54,4.0,2,low disruption
45,millennials,germany,x,live,89,4.0,9,high disruption
45,millennials,pakistan,facebook,posts,187,2.0,8,high disruption
62,gen x,india,x,shorts,187,10.0,9,high disruption
50,gen x,brazil,youtube,shorts,8,5.0,4,moderate disruption
34,millennials,brazil,facebook,stories,321,6.0,1,low disruption
23,gen z,germany,tiktok,live,115,5.0,3,low disruption
41,millennials,usa,youtube,stories,338,3.0,7,high disruption
64,gen x,pakistan,facebook,stories,343,8.0,1,low disruption
55,gen x,germany,facebook,shorts,255,1.0,8,high disruption
22,gen z,india,instagram,shorts,137,7.0,9,high disruption
45,millennials,germany,facebook,shorts,104,6.0,8,high disruption
22,gen z,canada,youtube,reels,176,2.0,5,moderate disruption
18,gen z,uk,x,live,291,2.0,9,high disruption
16,gen z,usa,youtube,stories,123,7.0,4,moderate disruption
51,gen x,canada,tiktok,live,354,3.0,9,high disruption
40,millennials,canada,facebook,stories,179,3.0,1,low disruption
52,gen x,india,facebook,stories,34,1.0,3,low disruption
16,gen z,uk,facebook,stories,59,8.0,4,moderate disruption
30,millennials,uk,facebook,stories,200,9.0,10,high disruption
52,gen x,australia,instagram,posts,45,8.0,1,low disruption
28,gen z,pakistan,instagram,posts,177,5.0,6,moderate disruption
55,gen x,usa,x,reels,334,6.0,4,moderate disruption
23,gen z,pakistan,facebook,shorts,223,3.0,4,moderate disruption
20,gen z,india,tiktok,stories,212,2.0,1,low disruption
24,gen z,usa,x,live,162,8.0,5,moderate disruption
16,gen z,australia,facebook,posts,337,8.0,9,high disruption
51,gen x,germany,instagram,shorts,232,8.0,6,moderate disruption
50,gen x,canada,tiktok,reels,89,5.0,8,high disruption
17,gen z,usa,x,shorts,177,9.0,4,moderate disruption
55,gen x,pakistan,tiktok,stories,249,9.0,9,high disruption
38,millennials,canada,facebook,shorts,177,4.0,7,high disruption
24,gen z,india,youtube,stories,339,3.0,7,high disruption
49,gen x,pakistan,tiktok,posts,216,5.0,8,high disruption
61,gen x,germany,tiktok,posts,88,2.0,2,low disruption
29,gen z,india,instagram,stories,177,9.0,6,moderate disruption
19,gen z,brazil,facebook,live,187,4.0,7,high disruption
45,millennials,germany,tiktok,posts,137,6.0,3,low disruption
46,gen x,germany,facebook,live,292,6.0,8,high disruption
53,gen x,canada,instagram,stories,266,5.0,1,low disruption
26,gen z,india,facebook,stories,354,2.0,1,low disruption
50,gen x,india,instagram,posts,286,10.0,10,high disruption
23,gen z,usa,instagram,live,297,2.0,3,low disruption
18,gen z,pakistan,x,stories,273,8.0,6,moderate disruption
29,gen z,brazil,facebook,posts,353,8.0,7,high disruption
28,gen z,india,youtube,stories,201,2.0,2,low disruption
60,gen x,usa,x,shorts,29,9.0,6,moderate disruption
47,gen x,brazil,instagram,shorts,145,5.0,5,moderate disruption
49,gen x,uk,youtube,posts,227,6.0,6,moderate disruption
60,gen x,uk,tiktok,stories,24,7.0,1,low disruption
34,millennials,brazil,tiktok,posts,251,5.0,10,high disruption
53,gen x,uk,x,reels,332,2.0,7,high disruption
31,millennials,australia,youtube,posts,205,8.0,8,high disruption
17,gen z,india,facebook,posts,119,6.0,7,high disruption
55,gen x,australia,youtube,shorts,193,2.0,9,high disruption
32,millennials,pakistan,x,shorts,30,7.0,1,low disruption
49,gen x,india,facebook,stories,58,7.0,10,high disruption
57,gen x,usa,facebook,posts,174,6.0,9,high disruption
31,millennials,australia,tiktok,posts,15,1.0,3,low disruption
53,gen x,australia,youtube,stories,31,4.0,2,low disruption
17,gen z,pakistan,facebook,live,354,1.0,6,moderate disruption
17,gen z,australia,x,stories,87,5.0,5,moderate disruption
41,millennials,germany,tiktok,shorts,294,9.0,4,moderate disruption
28,gen z,usa,facebook,shorts,42,1.0,4,moderate disruption
62,gen x,uk,youtube,posts,91,3.0,8,high disruption
46,gen x,usa,tiktok,shorts,325,8.0,10,high disruption
49,gen x,germany,youtube,stories,160,1.0,3,low disruption
54,gen x,pakistan,youtube,posts,312,1.0,1,low disruption
18,gen z,pakistan,youtube,stories,290,6.0,5,moderate disruption
23,gen z,india,tiktok,stories,190,8.0,8,high disruption
38,millennials,usa,facebook,posts,186,8.0,3,low disruption
29,gen z,brazil,instagram,live,147,8.0,2,low disruption
42,millennials,brazil,facebook,shorts,210,4.0,1,low disruption
44,millennials,pakistan,tiktok,reels,146,9.0,4,moderate disruption
54,gen x,australia,instagram,reels,189,1.0,2,low disruption
54,gen x,pakistan,instagram,reels,245,3.0,8,high disruption
16,gen z,pakistan,instagram,shorts,12,4.0,10,high disruption
32,millennials,pakistan,x,live,76,2.0,9,high disruption
56,gen x,pakistan,tiktok,stories,292,4.0,10,high disruption
45,millennials,brazil,x,posts,99,6.0,1,low disruption
28,gen z,brazil,instagram,live,161,5.0,2,low disruption
36,millennials,uk,x,reels,45,4.0,6,moderate disruption
34,millennials,uk,x,shorts,335,8.0,10,high disruption
34,millennials,india,tiktok,shorts,305,7.0,7,high disruption
40,millennials,pakistan,youtube,posts,273,3.0,2,low disruption
37,millennials,brazil,x,stories,159,4.0,8,high disruption
46,gen x,usa,x,live,279,3.0,10,high disruption
32,millennials,germany,instagram,live,158,2.0,9,high disruption
38,millennials,india,instagram,live,57,8.0,8,high disruption
47,gen x,brazil,instagram,stories,183,1.0,9,high disruption
25,gen z,usa,facebook,stories,244,2.0,6,moderate disruption
25,gen z,pakistan,x,stories,141,2.0,7,high disruption
51,gen x,canada,instagram,posts,259,8.0,6,moderate disruption
23,gen z,pakistan,tiktok,shorts,228,1.0,7,high disruption
35,millennials,uk,facebook,reels,184,7.0,3,low disruption
47,gen x,germany,youtube,stories,186,1.0,4,moderate disruption
29,gen z,brazil,x,shorts,263,8.0,9,high disruption
43,millennials,brazil,x,stories,247,9.0,3,low disruption
61,gen x,australia,tiktok,reels,100,5.0,2,low disruption
39,millennials,germany,youtube,stories,201,8.0,7,high disruption
30,millennials,australia,youtube,shorts,18,7.0,6,moderate disruption
37,millennials,germany,facebook,posts,124,8.0,3,low disruption
45,millennials,uk,x,reels,273,8.0,6,moderate disruption
19,gen z,australia,instagram,shorts,175,2.0,7,high disruption
28,gen z,usa,tiktok,live,76,5.0,6,moderate disruption
38,millennials,australia,tiktok,live,183,10.0,1,low disruption
23,gen z,india,tiktok,live,174,4.0,1,low disruption
33,millennials,usa,tiktok,posts,163,10.0,9,high disruption
27,gen z,india,instagram,stories,158,6.0,6,moderate disruption
46,gen x,pakistan,instagram,stories,86,5.0,2,low disruption
29,gen z,germany,facebook,stories,61,7.0,1,low disruption
49,gen x,usa,x,posts,11,8.0,2,low disruption
33,millennials,germany,instagram,live,116,4.0,8,high disruption
49,gen x,pakistan,facebook,stories,52,1.0,5,moderate disruption
26,gen z,canada,youtube,posts,84,7.0,7,high disruption
56,gen x,brazil,x,posts,320,10.0,7,high disruption
27,gen z,germany,instagram,shorts,37,6.0,2,low disruption
64,gen x,pakistan,youtube,stories,119,2.0,4,moderate disruption
30,millennials,germany,facebook,live,7,3.0,2,low disruption
46,gen x,pakistan,instagram,reels,8,9.0,7,high disruption
64,gen x,india,instagram,posts,264,1.0,5,moderate disruption
44,millennials,pakistan,youtube,shorts,46,6.0,1,low disruption
41,millennials,australia,instagram,reels,13,2.0,2,low disruption
33,millennials,canada,tiktok,posts,311,3.0,6,moderate disruption
47,gen x,germany,instagram,shorts,149,3.0,4,moderate disruption
37,millennials,pakistan,x,stories,101,3.0,7,high disruption
53,gen x,pakistan,youtube,shorts,280,8.0,2,low disruption
32,millennials,germany,x,posts,146,4.0,2,low disruption
38,millennials,brazil,facebook,stories,282,4.0,6,moderate disruption
39,millennials,canada,x,live,31,5.0,8,high disruption
23,gen z,canada,tiktok,shorts,47,9.0,1,low disruption
56,gen x,pakistan,tiktok,reels,135,7.0,5,moderate disruption
21,gen z,usa,x,stories,220,1.0,1,low disruption
20,gen z,india,facebook,stories,98,1.0,6,moderate disruption
59,gen x,canada,instagram,live,12,6.0,7,high disruption
44,millennials,canada,tiktok,shorts,90,9.0,6,moderate disruption
43,millennials,uk,x,reels,349,4.0,9,high disruption
26,gen z,australia,x,live,142,3.0,3,low disruption
16,gen z,canada,x,shorts,250,8.0,8,high disruption
58,gen x,india,instagram,reels,25,6.0,3,low disruption
34,millennials,australia,youtube,reels,269,6.0,7,high disruption
24,gen z,australia,facebook,posts,152,2.0,5,moderate disruption
42,millennials,germany,youtube,reels,188,2.0,1,low disruption
49,gen x,germany,facebook,shorts,231,3.0,4,moderate disruption
59,gen x,germany,facebook,live,296,2.0,9,high disruption
19,gen z,germany,x,live,40,10.0,8,high disruption
51,gen x,uk,tiktok,posts,250,1.0,3,low disruption
33,millennials,canada,x,shorts,77,6.0,2,low disruption
30,millennials,germany,instagram,reels,154,5.0,9,high disruption
28,gen z,pakistan,facebook,posts,5,4.0,1,low disruption
34,millennials,usa,tiktok,stories,73,9.0,9,high disruption
64,gen x,germany,facebook,shorts,297,7.0,7,high disruption
21,gen z,canada,facebook,posts,234,10.0,2,low disruption
63,gen x,germany,x,live,215,2.0,5,moderate disruption
27,gen z,uk,tiktok,posts,76,1.0,2,low disruption
52,gen x,india,tiktok,stories,100,2.0,5,moderate disruption
32,millennials,india,facebook,shorts,88,3.0,7,high disruption
38,millennials,canada,tiktok,posts,232,4.0,5,moderate disruption
41,millennials,pakistan,tiktok,reels,303,9.0,2,low disruption
44,millennials,india,x,shorts,240,3.0,5,moderate disruption
48,gen x,brazil,youtube,posts,297,9.0,10,high disruption
42,millennials,india,instagram,posts,226,5.0,6,moderate disruption
40,millennials,usa,youtube,shorts,227,7.0,5,moderate disruption
25,gen z,canada,tiktok,live,285,3.0,2,low disruption
62,gen x,pakistan,facebook,reels,225,2.0,6,moderate disruption
38,millennials,canada,instagram,shorts,220,9.0,6,moderate disruption
36,millennials,india,instagram,reels,235,2.0,2,low disruption
36,millennials,india,facebook,reels,173,8.0,4,moderate disruption
58,gen x,india,instagram,shorts,333,6.0,7,high disruption
28,gen z,australia,facebook,posts,46,9.0,1,low disruption
52,gen x,uk,instagram,live,262,7.0,1,low disruption
48,gen x,germany,youtube,reels,200,3.0,6,moderate disruption
39,millennials,brazil,instagram,reels,100,6.0,7,high disruption
59,gen x,uk,x,posts,321,1.0,5,moderate disruption
26,gen z,canada,facebook,shorts,18,5.0,10,high disruption
32,millennials,brazil,instagram,live,117,1.0,8,high disruption
19,gen z,usa,facebook,reels,81,5.0,4,moderate disruption
62,gen x,germany,x,reels,281,2.0,3,low disruption
40,millennials,usa,instagram,shorts,324,10.0,7,high disruption
45,millennials,pakistan,instagram,posts,164,5.0,4,moderate disruption
24,gen z,australia,x,stories,317,9.0,1,low disruption
36,millennials,canada,x,posts,123,1.0,8,high disruption
35,millennials,australia,x,reels,165,7.0,5,moderate disruption
34,millennials,canada,facebook,reels,312,3.0,8,high disruption
34,millennials,usa,x,live,355,5.0,8,high disruption
27,gen z,usa,facebook,posts,150,9.0,5,moderate disruption
52,gen x,usa,youtube,stories,167,10.0,8,high disruption
57,gen x,canada,instagram,live,183,3.0,7,high disruption
32,millennials,india,instagram,stories,93,10.0,3,low disruption
52,gen x,usa,tiktok,live,227,7.0,4,moderate disruption
63,gen x,australia,youtube,posts,270,10.0,7,high disruption
54,gen x,pakistan,x,reels,243,6.0,4,moderate disruption
43,millennials,germany,x,stories,312,10.0,6,moderate disruption
56,gen x,canada,youtube,posts,38,9.0,2,low disruption
50,gen x,brazil,x,stories,171,2.0,2,low disruption
62,gen x,australia,tiktok,posts,129,3.0,3,low disruption
63,gen x,uk,facebook,live,228,3.0,10,high disruption
33,millennials,pakistan,instagram,posts,154,6.0,7,high disruption
29,gen z,uk,youtube,live,193,8.0,3,low disruption
50,gen x,germany,instagram,reels,47,8.0,3,low disruption
59,gen x,india,facebook,live,33,7.0,4,moderate disruption
56,gen x,usa,youtube,shorts,124,4.0,10,high disruption
22,gen z,canada,facebook,reels,341,2.0,6,moderate disruption
56,gen x,australia,x,posts,35,3.0,1,low disruption
28,gen z,brazil,x,posts,185,8.0,6,moderate disruption
33,millennials,usa,x,shorts,166,2.0,8,high disruption
52,gen x,australia,facebook,posts,132,3.0,8,high disruption
28,gen z,canada,facebook,reels,259,5.0,6,moderate disruption
51,gen x,uk,facebook,reels,298,1.0,6,moderate disruption
46,gen x,usa,instagram,live,258,3.0,3,low disruption
17,gen z,germany,facebook,stories,134,2.0,2,low disruption
31,millennials,india,x,posts,16,10.0,7,high disruption
24,gen z,germany,tiktok,shorts,39,2.0,8,high disruption
24,gen z,india,facebook,reels,202,9.0,10,high disruption
53,gen x,pakistan,tiktok,reels,252,2.0,6,moderate disruption
26,gen z,australia,x,reels,114,9.0,5,moderate disruption
37,millennials,usa,facebook,stories,332,6.0,4,moderate disruption
48,gen x,usa,instagram,stories,249,9.0,1,low disruption
51,gen x,pakistan,instagram,posts,254,9.0,9,high disruption
60,gen x,india,tiktok,shorts,321,6.0,10,high disruption
38,millennials,uk,instagram,stories,167,9.0,4,moderate disruption
60,gen x,canada,instagram,live,52,6.0,2,low disruption
60,gen x,germany,instagram,stories,75,7.0,4,moderate disruption
49,gen x,pakistan,x,reels,138,4.0,5,moderate disruption
24,gen z,brazil,instagram,shorts,243,9.0,2,low disruption
39,millennials,brazil,youtube,posts,72,8.0,7,high disruption
23,gen z,australia,facebook,stories,282,2.0,3,low disruption
22,gen z,pakistan,instagram,reels,36,6.0,8,high disruption
51,gen x,germany,instagram,live,127,9.0,4,moderate disruption
33,millennials,germany,instagram,live,26,8.0,5,moderate disruption
18,gen z,australia,youtube,posts,159,10.0,3,low disruption
43,millennials,australia,instagram,posts,114,3.0,5,moderate disruption
21,gen z,usa,instagram,stories,275,4.0,9,high disruption
59,gen x,germany,facebook,posts,304,5.0,2,low disruption
59,gen x,canada,youtube,reels,119,3.0,7,high disruption
36,millennials,brazil,youtube,reels,224,4.0,10,high disruption
43,millennials,canada,instagram,reels,234,6.0,8,high disruption
55,gen x,india,youtube,stories,256,2.0,3,low disruption
16,gen z,pakistan,tiktok,stories,253,3.0,4,moderate disruption
51,gen x,australia,youtube,posts,13,2.0,10,high disruption
36,millennials,usa,youtube,stories,38,7.0,2,low disruption
58,gen x,canada,youtube,reels,232,4.0,10,high disruption
50,gen x,uk,x,shorts,77,3.0,9,high disruption
28,gen z,brazil,x,reels,305,5.0,3,low disruption
64,gen x,usa,x,shorts,216,1.0,9,high disruption
25,gen z,usa,youtube,posts,76,9.0,7,high disruption
59,gen x,canada,tiktok,live,62,3.0,6,moderate disruption
62,gen x,uk,youtube,stories,224,9.0,3,low disruption
25,gen z,india,instagram,stories,279,5.0,7,high disruption
61,gen x,canada,tiktok,reels,253,9.0,3,low disruption
28,gen z,uk,x,reels,20,3.0,6,moderate disruption
52,gen x,usa,facebook,shorts,79,2.0,8,high disruption
53,gen x,brazil,tiktok,stories,110,9.0,5,moderate disruption
39,millennials,uk,x,posts,140,3.0,3,low disruption
17,gen z,usa,tiktok,reels,78,8.0,6,moderate disruption
37,millennials,pakistan,tiktok,stories,258,4.0,8,high disruption
32,millennials,canada,youtube,live,22,8.0,10,high disruption
51,gen x,australia,instagram,shorts,47,9.0,3,low disruption
29,gen z,canada,facebook,reels,54,10.0,5,moderate disruption
25,gen z,pakistan,x,reels,7,4.0,9,high disruption
50,gen x,germany,tiktok,posts,236,4.0,10,high disruption
40,millennials,germany,facebook,reels,223,10.0,10,high disruption
18,gen z,germany,tiktok,stories,63,9.0,3,low disruption
62,gen x,canada,instagram,stories,288,1.0,2,low disruption
53,gen x,india,facebook,stories,306,6.0,8,high disruption
32,millennials,canada,x,live,68,2.0,7,high disruption
27,gen z,brazil,tiktok,live,74,10.0,9,high disruption
39,millennials,pakistan,instagram,reels,307,2.0,4,moderate disruption
44,millennials,brazil,facebook,live,146,6.0,3,low disruption
58,gen x,pakistan,tiktok,live,206,7.0,10,high disruption
40,millennials,australia,tiktok,posts,211,9.0,5,moderate disruption
51,gen x,uk,x,live,225,9.0,1,low disruption
41,millennials,canada,instagram,shorts,250,3.0,5,moderate disruption
53,gen x,canada,youtube,shorts,85,6.0,3,low disruption
16,gen z,usa,tiktok,shorts,255,10.0,1,low disruption
35,millennials,pakistan,facebook,reels,55,7.0,3,low disruption
43,millennials,usa,x,stories,289,7.0,5,moderate disruption
31,millennials,usa,x,posts,350,8.0,5,moderate disruption
62,gen x,canada,tiktok,reels,208,4.0,10,high disruption
32,millennials,india,tiktok,stories,29,7.0,8,high disruption
55,gen x,uk,tiktok,posts,45,3.0,1,low disruption
43,millennials,uk,youtube,posts,73,5.0,7,high disruption
27,gen z,brazil,tiktok,posts,8,9.0,5,moderate disruption
42,millennials,pakistan,instagram,shorts,244,1.0,3,low disruption
57,gen x,australia,facebook,shorts,35,4.0,4,moderate disruption
62,gen x,pakistan,tiktok,shorts,121,3.0,3,low disruption
45,millennials,india,youtube,posts,199,2.0,8,high disruption
56,gen x,india,facebook,posts,94,8.0,4,moderate disruption
49,gen x,uk,x,shorts,182,7.0,3,low disruption
52,gen x,germany,tiktok,posts,149,2.0,2,low disruption
21,gen z,usa,facebook,shorts,206,5.0,3,low disruption
22,gen z,usa,x,shorts,326,5.0,7,high disruption
47,gen x,uk,youtube,shorts,348,2.0,6,moderate disruption
47,gen x,pakistan,instagram,stories,207,8.0,10,high disruption
40,millennials,india,tiktok,posts,28,4.0,5,moderate disruption
48,gen x,pakistan,instagram,reels,359,8.0,8,high disruption
22,gen z,australia,youtube,shorts,109,2.0,1,low disruption
27,gen z,germany,facebook,reels,279,3.0,3,low disruption
31,millennials,uk,facebook,stories,326,1.0,2,low disruption
31,millennials,usa,youtube,posts,64,2.0,2,low disruption
58,gen x,canada,youtube,shorts,19,9.0,1,low disruption
51,gen x,pakistan,tiktok,shorts,89,2.0,5,moderate disruption
28,gen z,india,x,shorts,201,1.0,5,moderate disruption
22,gen z,canada,instagram,reels,239,9.0,3,low disruption
51,gen x,australia,instagram,stories,348,7.0,9,high disruption
62,gen x,uk,facebook,posts,267,1.0,6,moderate disruption
24,gen z,pakistan,facebook,stories,10,10.0,10,high disruption
47,gen x,usa,tiktok,shorts,293,2.0,6,moderate disruption
26,gen z,pakistan,youtube,stories,62,8.0,10,high disruption
23,gen z,germany,instagram,reels,149,1.0,6,moderate disruption
48,gen x,brazil,tiktok,live,46,6.0,2,low disruption
38,millennials,canada,facebook,live,354,6.0,10,high disruption
40,millennials,germany,facebook,posts,204,2.0,10,high disruption
23,gen z,australia,instagram,posts,178,7.0,8,high disruption
60,gen x,usa,facebook,stories,339,6.0,6,moderate disruption
37,millennials,canada,facebook,posts,99,8.0,3,low disruption
19,gen z,australia,x,reels,221,9.0,10,high disruption
55,gen x,germany,youtube,shorts,115,5.0,9,high disruption
18,gen z,germany,facebook,shorts,357,5.0,2,low disruption
44,millennials,brazil,x,stories,184,6.0,7,high disruption
56,gen x,canada,tiktok,shorts,167,7.0,3,low disruption
44,millennials,usa,facebook,stories,123,4.0,6,moderate disruption
49,gen x,germany,tiktok,posts,329,5.0,5,moderate disruption
49,gen x,uk,facebook,posts,232,6.0,6,moderate disruption
43,millennials,brazil,instagram,reels,149,10.0,8,high disruption
28,gen z,australia,x,shorts,312,6.0,3,low disruption
30,millennials,canada,x,reels,146,3.0,2,low disruption
38,millennials,india,instagram,live,126,6.0,8,high disruption
59,gen x,india,youtube,reels,289,8.0,1,low disruption
41,millennials,usa,x,stories,230,9.0,2,low disruption
19,gen z,uk,tiktok,stories,261,8.0,10,high disruption
41,millennials,germany,x,reels,289,9.0,1,low disruption
55,gen x,india,youtube,posts,169,4.0,5,moderate disruption
24,gen z,usa,tiktok,live,225,5.0,8,high disruption
20,gen z,australia,tiktok,reels,73,8.0,2,low disruption
47,gen x,brazil,instagram,posts,313,3.0,4,moderate disruption
35,millennials,uk,facebook,reels,228,4.0,4,moderate disruption
26,gen z,uk,instagram,shorts,128,8.0,7,high disruption
30,millennials,pakistan,facebook,stories,348,8.0,1,low disruption
47,gen x,usa,instagram,shorts,343,10.0,9,high disruption
43,millennials,usa,facebook,shorts,16,10.0,3,low disruption
37,millennials,pakistan,x,live,56,3.0,6,moderate disruption
56,gen x,brazil,tiktok,posts,133,9.0,10,high disruption
32,millennials,germany,facebook,stories,139,1.0,5,moderate disruption
41,millennials,usa,x,shorts,149,7.0,4,moderate disruption
59,gen x,pakistan,youtube,stories,131,3.0,9,high disruption
22,gen z,germany,instagram,posts,230,3.0,9,high disruption
57,gen x,brazil,youtube,reels,75,9.0,1,low disruption
41,millennials,germany,x,shorts,277,3.0,7,high disruption
40,millennials,canada,youtube,posts,191,7.0,10,high disruption
25,gen z,uk,youtube,stories,7,2.0,9,high disruption
60,gen x,australia,x,posts,289,1.0,5,moderate disruption
34,millennials,uk,tiktok,reels,26,4.0,1,low disruption
26,gen z,uk,facebook,posts,170,6.0,8,high disruption
28,gen z,canada,instagram,stories,314,3.0,5,moderate disruption
23,gen z,germany,facebook,shorts,250,3.0,6,moderate disruption
55,gen x,germany,instagram,shorts,238,7.0,7,high disruption
19,gen z,usa,facebook,live,329,1.0,10,high disruption
62,gen x,canada,youtube,stories,162,5.0,7,high disruption
46,gen x,usa,tiktok,live,155,9.0,7,high disruption
43,millennials,canada,youtube,live,217,4.0,1,low disruption
26,gen z,usa,tiktok,reels,222,5.0,7,high disruption
58,gen x,india,x,stories,250,8.0,3,low disruption
16,gen z,pakistan,instagram,shorts,307,8.0,5,moderate disruption
64,gen x,uk,instagram,stories,280,8.0,10,high disruption
62,gen x,uk,x,reels,155,10.0,5,moderate disruption
53,gen x,brazil,facebook,stories,200,1.0,8,high disruption
39,millennials,australia,x,stories,25,10.0,7,high disruption
62,gen x,pakistan,x,live,261,10.0,7,high disruption
46,gen x,germany,tiktok,stories,21,9.0,6,moderate disruption
56,gen x,australia,x,live,55,5.0,7,high disruption
61,gen x,india,instagram,live,274,9.0,7,high disruption
41,millennials,brazil,youtube,posts,319,3.0,5,moderate disruption
64,gen x,australia,tiktok,reels,87,8.0,5,moderate disruption
20,gen z,brazil,tiktok,live,310,2.0,4,moderate disruption
35,millennials,uk,facebook,stories,128,8.0,4,moderate disruption
56,gen x,germany,youtube,live,294,6.0,5,moderate disruption
26,gen z,india,tiktok,live,266,1.0,10,high disruption
48,gen x,uk,x,live,53,9.0,9,high disruption
53,gen x,pakistan,tiktok,shorts,10,6.0,6,moderate disruption
42,millennials,usa,tiktok,shorts,121,7.0,8,high disruption
49,gen x,canada,tiktok,shorts,122,3.0,9,high disruption
30,millennials,india,facebook,shorts,267,9.0,4,moderate disruption
47,gen x,germany,tiktok,posts,357,6.0,7,high disruption
36,millennials,brazil,tiktok,live,133,5.0,5,moderate disruption
61,gen x,australia,facebook,posts,175,6.0,4,moderate disruption
20,gen z,pakistan,youtube,stories,31,7.0,7,high disruption
21,gen z,australia,instagram,reels,203,7.0,3,low disruption
53,gen x,india,facebook,posts,318,4.0,1,low disruption
37,millennials,pakistan,facebook,shorts,349,4.0,7,high disruption
33,millennials,germany,tiktok,shorts,101,6.0,9,high disruption
29,gen z,india,tiktok,stories,21,9.0,2,low disruption
25,gen z,germany,instagram,live,177,8.0,7,high disruption
61,gen x,australia,tiktok,reels,105,4.0,10,high disruption
28,gen z,uk,x,posts,190,4.0,2,low disruption
46,gen x,pakistan,tiktok,live,188,5.0,3,low disruption
45,millennials,usa,tiktok,live,219,9.0,10,high disruption
18,gen z,uk,x,posts,255,1.0,10,high disruption
45,millennials,usa,instagram,posts,220,7.0,3,low disruption
21,gen z,australia,x,posts,33,3.0,4,moderate disruption
44,millennials,brazil,facebook,posts,106,2.0,6,moderate disruption
23,gen z,pakistan,x,shorts,127,1.0,3,low disruption
59,gen x,uk,youtube,live,58,9.0,9,high disruption
60,gen x,uk,facebook,live,287,9.0,2,low disruption
58,gen x,india,tiktok,shorts,106,1.0,7,high disruption
59,gen x,canada,facebook,live,121,5.0,6,moderate disruption
48,gen x,australia,instagram,posts,108,2.0,2,low disruption
32,millennials,germany,instagram,reels,49,8.0,3,low disruption
63,gen x,australia,x,live,118,7.0,6,moderate disruption
26,gen z,germany,facebook,reels,347,3.0,10,high disruption
28,gen z,pakistan,tiktok,reels,35,2.0,4,moderate disruption
26,gen z,germany,instagram,shorts,168,8.0,1,low disruption
46,gen x,brazil,tiktok,stories,193,7.0,1,low disruption
43,millennials,usa,youtube,live,297,1.0,3,low disruption
59,gen x,germany,instagram,shorts,199,6.0,8,high disruption
21,gen z,germany,x,shorts,296,8.0,4,moderate disruption
56,gen x,india,youtube,reels,265,6.0,1,low disruption
31,millennials,uk,facebook,live,211,5.0,8,high disruption
19,gen z,australia,tiktok,shorts,56,6.0,10,high disruption
50,gen x,australia,instagram,posts,53,6.0,6,moderate disruption
63,gen x,pakistan,youtube,shorts,10,7.0,1,low disruption
41,millennials,pakistan,youtube,posts,228,10.0,10,high disruption
27,gen z,brazil,instagram,stories,27,2.0,10,high disruption
26,gen z,germany,facebook,posts,149,6.0,6,moderate disruption
52,gen x,canada,facebook,posts,114,2.0,1,low disruption
40,millennials,australia,x,reels,216,2.0,10,high disruption
33,millennials,pakistan,facebook,shorts,304,7.0,10,high disruption
34,millennials,germany,x,stories,45,9.0,3,low disruption
38,millennials,pakistan,youtube,shorts,176,2.0,2,low disruption
53,gen x,brazil,instagram,posts,190,10.0,4,moderate disruption
33,millennials,usa,facebook,posts,218,4.0,2,low disruption
41,millennials,usa,x,shorts,310,4.0,5,moderate disruption
21,gen z,pakistan,youtube,stories,56,2.0,4,moderate disruption
19,gen z,usa,facebook,stories,74,6.0,6,moderate disruption
59,gen x,pakistan,tiktok,reels,200,6.0,7,high disruption
44,millennials,germany,youtube,posts,155,5.0,2,low disruption
49,gen x,india,facebook,posts,113,5.0,2,low disruption
32,millennials,canada,youtube,reels,122,6.0,8,high disruption
58,gen x,germany,instagram,shorts,99,6.0,9,high disruption
58,gen x,india,instagram,posts,260,4.0,5,moderate disruption
31,millennials,india,instagram,shorts,48,9.0,7,high disruption
17,gen z,australia,tiktok,stories,71,7.0,9,high disruption
49,gen x,germany,instagram,live,160,2.0,1,low disruption
23,gen z,germany,tiktok,reels,327,4.0,8,high disruption
28,gen z,pakistan,instagram,posts,210,8.0,10,high disruption
57,gen x,india,youtube,reels,278,1.0,10,high disruption
23,gen z,india,facebook,stories,159,8.0,9,high disruption
45,millennials,india,facebook,stories,183,4.0,9,high disruption
47,gen x,pakistan,instagram,stories,64,6.0,10,high disruption
51,gen x,australia,facebook,stories,78,3.0,7,high disruption
62,gen x,germany,instagram,live,53,10.0,10,high disruption
45,millennials,india,instagram,shorts,275,9.0,3,low disruption
16,gen z,usa,x,shorts,77,9.0,5,moderate disruption
58,gen x,germany,x,live,200,2.0,2,low disruption
54,gen x,pakistan,x,shorts,183,9.0,10,high disruption
32,millennials,australia,tiktok,stories,52,6.0,3,low disruption
35,millennials,usa,x,shorts,76,7.0,10,high disruption
39,millennials,pakistan,instagram,reels,117,3.0,7,high disruption
37,millennials,uk,youtube,shorts,249,7.0,1,low disruption
44,millennials,germany,x,reels,313,9.0,3,low disruption
37,millennials,uk,x,posts,163,3.0,5,moderate disruption
59,gen x,pakistan,youtube,reels,278,3.0,4,moderate disruption
24,gen z,pakistan,instagram,reels,272,1.0,3,low disruption
52,gen x,pakistan,tiktok,stories,308,3.0,6,moderate disruption
25,gen z,india,x,stories,34,6.0,6,moderate disruption
51,gen x,australia,youtube,stories,101,8.0,4,moderate disruption
52,gen x,india,instagram,reels,255,3.0,9,high disruption
43,millennials,australia,facebook,live,11,6.0,6,moderate disruption
43,millennials,canada,tiktok,stories,96,5.0,9,high disruption
57,gen x,india,youtube,stories,117,3.0,10,high disruption
58,gen x,uk,youtube,reels,263,5.0,10,high disruption
36,millennials,australia,youtube,posts,111,2.0,2,low disruption
39,millennials,india,x,posts,67,7.0,6,moderate disruption
57,gen x,germany,facebook,shorts,275,2.0,4,moderate disruption
55,gen x,pakistan,tiktok,posts,203,7.0,2,low disruption
17,gen z,australia,instagram,stories,351,2.0,5,moderate disruption
23,gen z,australia,instagram,live,341,10.0,3,low disruption
63,gen x,india,facebook,shorts,150,8.0,6,moderate disruption
42,millennials,canada,youtube,live,65,4.0,8,high disruption
37,millennials,india,youtube,live,124,5.0,4,moderate disruption
52,gen x,brazil,youtube,stories,65,3.0,4,moderate disruption
42,millennials,uk,youtube,reels,313,8.0,5,moderate disruption
44,millennials,uk,youtube,reels,30,4.0,6,moderate disruption
18,gen z,australia,facebook,reels,119,8.0,7,high disruption
59,gen x,australia,x,posts,44,1.0,6,moderate disruption
28,gen z,india,tiktok,reels,348,2.0,7,high disruption
60,gen x,uk,youtube,stories,120,4.0,9,high disruption
25,gen z,uk,x,posts,140,2.0,4,moderate disruption
51,gen x,canada,instagram,reels,281,6.0,10,high disruption
24,gen z,germany,facebook,live,303,1.0,1,low disruption
42,millennials,canada,x,stories,25,9.0,9,high disruption
49,gen x,brazil,youtube,stories,35,8.0,7,high disruption
16,gen z,usa,youtube,shorts,251,3.0,4,moderate disruption
47,gen x,pakistan,youtube,stories,31,5.0,10,high disruption
40,millennials,canada,x,live,77,5.0,8,high disruption
44,millennials,brazil,youtube,stories,101,7.0,7,high disruption
22,gen z,india,x,shorts,165,4.0,2,low disruption
64,gen x,germany,youtube,stories,350,1.0,1,low disruption
18,gen z,india,instagram,stories,304,3.0,9,high disruption
35,millennials,pakistan,instagram,shorts,303,5.0,7,high disruption
35,millennials,brazil,tiktok,stories,291,10.0,10,high disruption
45,millennials,usa,youtube,posts,216,9.0,1,low disruption
50,gen x,germany,youtube,stories,80,2.0,4,moderate disruption
50,gen x,australia,x,reels,147,7.0,5,moderate disruption
64,gen x,uk,x,reels,38,9.0,5,moderate disruption
54,gen x,canada,youtube,posts,340,1.0,5,moderate disruption
42,millennials,brazil,tiktok,stories,8,7.0,3,low disruption
41,millennials,india,youtube,live,332,5.0,5,moderate disruption
29,gen z,usa,x,stories,102,7.0,4,moderate disruption
32,millennials,uk,youtube,reels,221,6.0,5,moderate disruption
33,millennials,canada,x,shorts,32,10.0,7,high disruption
60,gen x,uk,youtube,posts,205,3.0,5,moderate disruption
44,millennials,canada,facebook,shorts,277,8.0,8,high disruption
35,millennials,brazil,x,live,318,3.0,8,high disruption
42,millennials,australia,tiktok,stories,131,5.0,3,low disruption
33,millennials,germany,facebook,live,206,10.0,5,moderate disruption
19,gen z,brazil,youtube,shorts,13,8.0,4,moderate disruption
16,gen z,uk,x,stories,291,4.0,5,moderate disruption
16,gen z,uk,facebook,live,92,6.0,8,high disruption
41,millennials,uk,tiktok,reels,322,1.0,4,moderate disruption
60,gen x,germany,x,reels,23,3.0,5,moderate disruption
35,millennials,usa,facebook,posts,85,7.0,7,high disruption
38,millennials,canada,facebook,reels,111,6.0,3,low disruption
25,gen z,brazil,facebook,reels,315,5.0,6,moderate disruption
26,gen z,brazil,instagram,shorts,234,7.0,9,high disruption
56,gen x,australia,youtube,reels,116,4.0,4,moderate disruption
56,gen x,uk,x,reels,224,1.0,4,moderate disruption
20,gen z,pakistan,x,shorts,127,5.0,6,moderate disruption
16,gen z,brazil,x,reels,248,9.0,6,moderate disruption
32,millennials,germany,facebook,reels,182,9.0,3,low disruption
37,millennials,usa,youtube,posts,69,4.0,1,low disruption
49,gen x,brazil,tiktok,reels,7,1.0,3,low disruption
60,gen x,canada,x,reels,211,7.0,8,high disruption
56,gen x,germany,youtube,posts,25,8.0,8,high disruption
44,millennials,australia,youtube,shorts,297,3.0,6,moderate disruption
19,gen z,australia,instagram,reels,19,5.0,7,high disruption
20,gen z,canada,x,live,347,10.0,2,low disruption
26,gen z,uk,facebook,shorts,210,6.0,9,high disruption
36,millennials,australia,youtube,shorts,206,4.0,3,low disruption
50,gen x,usa,youtube,reels,124,6.0,2,low disruption
27,gen z,germany,tiktok,posts,141,2.0,5,moderate disruption
41,millennials,brazil,instagram,shorts,304,2.0,1,low disruption
34,millennials,usa,youtube,posts,299,9.0,5,moderate disruption
60,gen x,uk,youtube,live,29,3.0,10,high disruption
22,gen z,usa,facebook,posts,316,3.0,4,moderate disruption
62,gen x,usa,facebook,stories,238,6.0,6,moderate disruption
22,gen z,india,tiktok,posts,125,9.0,5,moderate disruption
41,millennials,usa,tiktok,shorts,94,8.0,9,high disruption
55,gen x,canada,tiktok,posts,324,1.0,5,moderate disruption
20,gen z,germany,facebook,posts,204,7.0,8,high disruption
36,millennials,india,facebook,stories,184,5.0,2,low disruption
29,gen z,germany,instagram,stories,349,5.0,3,low disruption
19,gen z,germany,x,reels,80,7.0,3,low disruption
38,millennials,uk,x,shorts,141,2.0,3,low disruption
57,gen x,uk,instagram,reels,142,10.0,6,moderate disruption
35,millennials,india,x,stories,14,7.0,7,high disruption
30,millennials,australia,facebook,posts,205,4.0,7,high disruption
60,gen x,pakistan,x,stories,322,6.0,7,high disruption
44,millennials,uk,facebook,live,350,3.0,3,low disruption
23,gen z,pakistan,instagram,posts,223,7.0,1,low disruption
56,gen x,uk,tiktok,reels,64,1.0,6,moderate disruption
63,gen x,uk,instagram,posts,151,4.0,3,low disruption
34,millennials,germany,x,live,111,8.0,3,low disruption
63,gen x,india,facebook,stories,42,8.0,3,low disruption
54,gen x,germany,x,shorts,138,3.0,9,high disruption
61,gen x,brazil,x,shorts,225,6.0,4,moderate disruption
43,millennials,canada,tiktok,shorts,307,6.0,5,moderate disruption
61,gen x,germany,x,stories,137,5.0,3,low disruption
42,millennials,pakistan,tiktok,shorts,338,3.0,10,high disruption
19,gen z,pakistan,facebook,live,57,7.0,1,low disruption
30,millennials,canada,facebook,stories,66,3.0,4,moderate disruption
50,gen x,usa,tiktok,shorts,27,9.0,1,low disruption
52,gen x,usa,instagram,reels,48,6.0,7,high disruption
16,gen z,canada,facebook,stories,312,9.0,7,high disruption
18,gen z,canada,instagram,stories,50,3.0,4,moderate disruption
62,gen x,germany,facebook,posts,151,8.0,5,moderate disruption
39,millennials,canada,facebook,shorts,220,2.0,10,high disruption
42,millennials,brazil,youtube,reels,344,8.0,7,high disruption
55,gen x,india,x,live,51,4.0,6,moderate disruption
51,gen x,usa,x,stories,351,5.0,4,moderate disruption
49,gen x,usa,instagram,live,312,2.0,4,moderate disruption
44,millennials,brazil,x,live,28,1.0,2,low disruption
39,millennials,australia,instagram,live,149,7.0,10,high disruption
39,millennials,brazil,facebook,posts,93,6.0,2,low disruption
57,gen x,brazil,youtube,live,178,6.0,4,moderate disruption
19,gen z,canada,youtube,shorts,68,3.0,5,moderate disruption
18,gen z,uk,facebook,shorts,123,3.0,4,moderate disruption
49,gen x,uk,tiktok,reels,227,8.0,3,low disruption
64,gen x,brazil,tiktok,reels,160,8.0,2,low disruption
38,millennials,canada,x,live,182,4.0,4,moderate disruption
38,millennials,india,instagram,live,324,7.0,5,moderate disruption
60,gen x,uk,youtube,posts,346,8.0,1,low disruption
20,gen z,australia,x,live,60,9.0,1,low disruption
46,gen x,pakistan,facebook,live,63,1.0,6,moderate disruption
56,gen x,canada,youtube,live,224,8.0,5,moderate disruption
21,gen z,brazil,instagram,stories,189,4.0,4,moderate disruption
52,gen x,india,instagram,stories,51,7.0,1,low disruption
25,gen z,india,tiktok,posts,106,4.0,7,high disruption
55,gen x,germany,x,posts,48,6.0,4,moderate disruption
22,gen z,india,facebook,shorts,19,7.0,3,low disruption
54,gen x,uk,youtube,posts,240,4.0,7,high disruption
53,gen x,brazil,instagram,shorts,55,5.0,2,low disruption
36,millennials,pakistan,youtube,live,313,7.0,10,high disruption
35,millennials,uk,facebook,posts,38,5.0,1,low disruption
18,gen z,canada,youtube,posts,128,1.0,4,moderate disruption
37,millennials,pakistan,x,posts,81,1.0,8,high disruption
62,gen x,canada,tiktok,shorts,127,7.0,6,moderate disruption
19,gen z,india,youtube,shorts,209,9.0,9,high disruption
43,millennials,australia,tiktok,reels,232,8.0,1,low disruption
27,gen z,usa,facebook,shorts,74,3.0,1,low disruption
53,gen x,pakistan,tiktok,shorts,234,5.0,5,moderate disruption
51,gen x,brazil,youtube,stories,25,3.0,6,moderate disruption
62,gen x,germany,youtube,posts,112,10.0,8,high disruption
56,gen x,usa,instagram,shorts,245,3.0,3,low disruption
20,gen z,india,youtube,posts,255,4.0,6,moderate disruption
28,gen z,india,tiktok,posts,139,7.0,3,low disruption
38,millennials,brazil,instagram,stories,94,9.0,8,high disruption
45,millennials,usa,youtube,posts,83,1.0,4,moderate disruption
52,gen x,germany,youtube,shorts,181,3.0,2,low disruption
40,millennials,pakistan,facebook,posts,302,6.0,9,high disruption
63,gen x,pakistan,instagram,reels,312,6.0,10,high disruption
42,millennials,usa,facebook,reels,106,1.0,8,high disruption
29,gen z,canada,facebook,stories,339,7.0,6,moderate disruption
63,gen x,uk,facebook,shorts,116,6.0,3,low disruption
62,gen x,australia,x,stories,185,8.0,2,low disruption
51,gen x,canada,facebook,reels,108,3.0,4,moderate disruption
54,gen x,pakistan,tiktok,shorts,20,2.0,4,moderate disruption
31,millennials,uk,youtube,posts,100,8.0,1,low disruption
37,millennials,australia,x,shorts,297,7.0,9,high disruption
36,millennials,australia,facebook,live,150,8.0,10,high disruption
36,millennials,australia,youtube,shorts,306,8.0,8,high disruption
23,gen z,india,instagram,posts,6,1.0,7,high disruption
64,gen x,brazil,instagram,live,123,3.0,6,moderate disruption
31,millennials,australia,youtube,stories,347,3.0,3,low disruption
46,gen x,germany,tiktok,shorts,98,9.0,4,moderate disruption
57,gen x,usa,youtube,stories,195,5.0,2,low disruption
25,gen z,pakistan,youtube,shorts,7,2.0,7,high disruption
47,gen x,germany,x,reels,115,3.0,2,low disruption
49,gen x,usa,instagram,reels,181,9.0,10,high disruption
24,gen z,canada,instagram,posts,261,9.0,1,low disruption
32,millennials,brazil,facebook,reels,26,9.0,6,moderate disruption
26,gen z,canada,youtube,live,224,4.0,4,moderate disruption
47,gen x,usa,youtube,live,177,7.0,8,high disruption
25,gen z,germany,tiktok,shorts,228,3.0,1,low disruption
37,millennials,usa,instagram,stories,69,2.0,9,high disruption
32,millennials,australia,tiktok,live,281,1.0,6,moderate disruption
19,gen z,india,x,shorts,253,3.0,2,low disruption
63,gen x,pakistan,facebook,stories,264,6.0,8,high disruption
62,gen x,canada,tiktok,reels,135,9.0,5,moderate disruption
40,millennials,pakistan,instagram,shorts,117,2.0,5,moderate disruption
36,millennials,india,x,stories,290,9.0,5,moderate disruption
52,gen x,australia,youtube,posts,291,4.0,7,high disruption
53,gen x,australia,x,posts,215,5.0,7,high disruption
64,gen x,canada,tiktok,live,24,4.0,10,high disruption
16,gen z,canada,instagram,stories,219,4.0,7,high disruption
40,millennials,australia,tiktok,posts,314,3.0,10,high disruption
51,gen x,uk,youtube,live,255,7.0,2,low disruption
32,millennials,pakistan,youtube,shorts,275,8.0,8,high disruption
56,gen x,brazil,instagram,shorts,184,8.0,1,low disruption
39,millennials,india,facebook,stories,198,4.0,2,low disruption
17,gen z,pakistan,x,stories,317,8.0,7,high disruption
55,gen x,india,x,stories,83,7.0,4,moderate disruption
30,millennials,uk,youtube,stories,184,10.0,10,high disruption
47,gen x,brazil,tiktok,posts,167,5.0,10,high disruption
54,gen x,germany,tiktok,posts,206,10.0,9,high disruption
21,gen z,india,facebook,live,18,8.0,9,high disruption
16,gen z,pakistan,tiktok,posts,351,8.0,3,low disruption
62,gen x,usa,x,shorts,250,1.0,3,low disruption
38,millennials,brazil,tiktok,live,18,5.0,9,high disruption
54,gen x,australia,facebook,posts,103,6.0,10,high disruption
32,millennials,australia,x,stories,37,1.0,8,high disruption
49,gen x,uk,tiktok,posts,261,3.0,1,low disruption
56,gen x,india,x,reels,38,10.0,6,moderate disruption
44,millennials,germany,youtube,live,23,5.0,7,high disruption
24,gen z,india,youtube,posts,156,2.0,8,high disruption
28,gen z,australia,youtube,posts,264,5.0,2,low disruption
21,gen z,canada,tiktok,shorts,168,1.0,1,low disruption
21,gen z,usa,facebook,stories,81,5.0,4,moderate disruption
35,millennials,brazil,x,stories,318,6.0,1,low disruption
18,gen z,uk,instagram,shorts,141,4.0,2,low disruption
32,millennials,canada,youtube,shorts,212,8.0,3,low disruption
64,gen x,pakistan,youtube,reels,246,2.0,4,moderate disruption
27,gen z,germany,instagram,live,71,9.0,6,moderate disruption
63,gen x,canada,instagram,stories,120,10.0,8,high disruption
62,gen x,pakistan,tiktok,shorts,206,1.0,9,high disruption
60,gen x,canada,x,shorts,254,9.0,4,moderate disruption
16,gen z,germany,youtube,live,282,5.0,1,low disruption
32,millennials,brazil,facebook,shorts,116,5.0,5,moderate disruption
18,gen z,canada,tiktok,reels,335,3.0,5,moderate disruption
41,millennials,uk,tiktok,live,238,5.0,9,high disruption
30,millennials,australia,facebook,reels,180,10.0,6,moderate disruption
51,gen x,india,facebook,posts,147,3.0,5,moderate disruption
47,gen x,canada,facebook,stories,36,2.0,10,high disruption
47,gen x,uk,instagram,shorts,185,3.0,10,high disruption
19,gen z,india,youtube,live,71,6.0,5,moderate disruption
33,millennials,brazil,instagram,reels,8,9.0,8,high disruption
64,gen x,pakistan,youtube,stories,290,6.0,1,low disruption
34,millennials,india,instagram,stories,273,3.0,5,moderate disruption
58,gen x,pakistan,x,shorts,240,5.0,1,low disruption
50,gen x,canada,youtube,stories,281,4.0,7,high disruption
55,gen x,uk,tiktok,shorts,45,1.0,7,high disruption
29,gen z,australia,youtube,posts,125,5.0,10,high disruption
48,gen x,canada,youtube,shorts,279,2.0,8,high disruption
29,gen z,pakistan,youtube,reels,235,9.0,7,high disruption
49,gen x,germany,x,stories,308,6.0,9,high disruption
19,gen z,india,instagram,stories,90,9.0,8,high disruption
39,millennials,canada,tiktok,stories,67,10.0,8,high disruption
44,millennials,pakistan,instagram,shorts,196,9.0,3,low disruption
34,millennials,brazil,instagram,live,297,1.0,10,high disruption
21,gen z,india,facebook,shorts,35,9.0,4,moderate disruption
48,gen x,brazil,x,reels,334,8.0,4,moderate disruption
64,gen x,pakistan,facebook,shorts,150,8.0,1,low disruption
55,gen x,uk,x,stories,111,1.0,6,moderate disruption
34,millennials,usa,instagram,posts,114,2.0,2,low disruption
16,gen z,brazil,instagram,reels,280,10.0,9,high disruption
20,gen z,canada,x,posts,214,3.0,1,low disruption
42,millennials,australia,instagram,reels,143,2.0,1,low disruption
31,millennials,canada,instagram,reels,90,4.0,10,high disruption
21,gen z,india,tiktok,stories,48,9.0,6,moderate disruption
55,gen x,uk,facebook,shorts,86,5.0,1,low disruption
28,gen z,pakistan,facebook,stories,68,9.0,3,low disruption
63,gen x,germany,facebook,stories,347,4.0,10,high disruption
50,gen x,australia,youtube,stories,325,3.0,2,low disruption
34,millennials,uk,tiktok,posts,59,5.0,9,high disruption
27,gen z,brazil,facebook,reels,78,6.0,5,moderate disruption
31,millennials,brazil,facebook,live,133,4.0,6,moderate disruption
58,gen x,canada,tiktok,shorts,260,4.0,2,low disruption
25,gen z,germany,instagram,stories,235,3.0,8,high disruption
40,millennials,uk,facebook,reels,141,3.0,6,moderate disruption
35,millennials,usa,instagram,shorts,355,7.0,8,high disruption
46,gen x,australia,facebook,live,359,4.0,8,high disruption
19,gen z,india,x,live,116,1.0,1,low disruption
59,gen x,uk,youtube,stories,312,2.0,7,high disruption
38,millennials,uk,facebook,live,150,4.0,2,low disruption
17,gen z,usa,x,live,37,9.0,8,high disruption
37,millennials,canada,tiktok,shorts,264,4.0,2,low disruption
52,gen x,pakistan,x,shorts,91,1.0,4,moderate disruption
23,gen z,pakistan,tiktok,stories,335,4.0,2,low disruption
22,gen z,australia,facebook,reels,269,7.0,7,high disruption
29,gen z,australia,tiktok,stories,324,6.0,5,moderate disruption
18,gen z,india,x,posts,34,3.0,9,high disruption
31,millennials,uk,youtube,live,236,7.0,5,moderate disruption
34,millennials,germany,instagram,reels,80,6.0,8,high disruption
33,millennials,uk,instagram,shorts,133,2.0,2,low disruption
31,millennials,pakistan,youtube,posts,275,2.0,3,low disruption
23,gen z,india,instagram,posts,93,6.0,6,moderate disruption
48,gen x,uk,facebook,live,174,7.0,7,high disruption
64,gen x,usa,facebook,shorts,132,10.0,10,high disruption
27,gen z,pakistan,x,reels,178,5.0,8,high disruption
26,gen z,uk,x,shorts,30,8.0,3,low disruption
20,gen z,uk,tiktok,live,65,2.0,7,high disruption
42,millennials,pakistan,x,posts,71,9.0,8,high disruption
27,gen z,germany,facebook,live,30,7.0,10,high disruption
32,millennials,pakistan,x,stories,87,6.0,6,moderate disruption
21,gen z,usa,instagram,posts,64,2.0,4,moderate disruption
48,gen x,usa,tiktok,live,43,1.0,6,moderate disruption
20,gen z,uk,tiktok,reels,127,7.0,9,high disruption
43,millennials,australia,facebook,reels,296,2.0,3,low disruption
29,gen z,germany,x,reels,281,2.0,2,low disruption
20,gen z,uk,instagram,stories,308,2.0,5,moderate disruption
48,gen x,pakistan,x,shorts,286,1.0,7,high disruption
63,gen x,uk,youtube,reels,195,6.0,3,low disruption
56,gen x,india,x,stories,296,5.0,5,moderate disruption
34,millennials,india,facebook,reels,156,3.0,4,moderate disruption
37,millennials,australia,x,stories,237,5.0,7,high disruption
20,gen z,germany,tiktok,reels,150,9.0,2,low disruption
17,gen z,canada,instagram,shorts,275,9.0,7,high disruption
45,millennials,brazil,facebook,live,339,5.0,2,low disruption
62,gen x,india,youtube,reels,138,6.0,3,low disruption
54,gen x,canada,instagram,live,175,3.0,5,moderate disruption
19,gen z,usa,instagram,reels,32,5.0,7,high disruption
48,gen x,india,tiktok,shorts,140,8.0,6,moderate disruption
28,gen z,india,tiktok,live,245,5.0,7,high disruption
35,millennials,germany,tiktok,stories,348,3.0,6,moderate disruption
22,gen z,australia,facebook,reels,232,6.0,1,low disruption
30,millennials,canada,x,reels,291,9.0,5,moderate disruption
38,millennials,pakistan,instagram,stories,307,9.0,1,low disruption
29,gen z,india,x,shorts,38,8.0,7,high disruption
38,millennials,india,x,posts,6,3.0,4,moderate disruption
34,millennials,germany,tiktok,reels,199,3.0,5,moderate disruption
44,millennials,germany,x,stories,98,8.0,1,low disruption
35,millennials,australia,instagram,posts,332,2.0,8,high disruption
44,millennials,canada,instagram,reels,312,6.0,4,moderate disruption
39,millennials,usa,youtube,live,139,5.0,3,low disruption
33,millennials,pakistan,facebook,stories,208,5.0,1,low disruption
25,gen z,australia,x,live,254,5.0,4,moderate disruption
56,gen x,brazil,facebook,shorts,151,9.0,3,low disruption
23,gen z,usa,facebook,posts,350,1.0,8,high disruption
41,millennials,uk,facebook,stories,352,8.0,9,high disruption
44,millennials,india,facebook,reels,258,8.0,5,moderate disruption
25,gen z,canada,instagram,reels,338,9.0,9,high disruption
32,millennials,australia,x,posts,180,5.0,1,low disruption
17,gen z,india,youtube,live,129,5.0,7,high disruption
21,gen z,canada,facebook,live,255,10.0,7,high disruption
20,gen z,canada,youtube,stories,135,5.0,6,moderate disruption
43,millennials,canada,instagram,stories,54,5.0,4,moderate disruption
56,gen x,india,instagram,live,97,4.0,9,high disruption
20,gen z,australia,tiktok,stories,314,1.0,3,low disruption
33,millennials,pakistan,facebook,live,224,5.0,1,low disruption
41,millennials,germany,tiktok,posts,338,7.0,2,low disruption
35,millennials,india,youtube,stories,338,7.0,3,low disruption
56,gen x,brazil,x,live,24,1.0,2,low disruption
64,gen x,canada,tiktok,stories,209,8.0,6,moderate disruption
42,millennials,australia,instagram,reels,95,5.0,7,high disruption
64,gen x,pakistan,facebook,reels,359,5.0,5,moderate disruption
27,gen z,uk,youtube,shorts,177,10.0,5,moderate disruption
22,gen z,brazil,instagram,live,193,3.0,7,high disruption
18,gen z,usa,x,shorts,316,8.0,6,moderate disruption
25,gen z,brazil,facebook,live,6,6.0,8,high disruption
49,gen x,canada,x,stories,172,7.0,9,high disruption
40,millennials,uk,x,live,28,4.0,2,low disruption
50,gen x,germany,facebook,reels,72,3.0,2,low disruption
31,millennials,pakistan,facebook,stories,198,6.0,1,low disruption
17,gen z,pakistan,x,reels,88,4.0,7,high disruption
39,millennials,canada,youtube,stories,211,3.0,4,moderate disruption
25,gen z,brazil,facebook,live,53,8.0,9,high disruption
53,gen x,brazil,instagram,live,36,5.0,6,moderate disruption
37,millennials,pakistan,tiktok,reels,321,9.0,7,high disruption
41,millennials,uk,youtube,posts,174,5.0,7,high disruption
58,gen x,canada,facebook,live,133,6.0,8,high disruption
54,gen x,india,facebook,posts,106,10.0,4,moderate disruption
42,millennials,australia,youtube,stories,39,10.0,3,low disruption
44,millennials,uk,tiktok,posts,311,3.0,3,low disruption
62,gen x,australia,x,reels,203,9.0,10,high disruption
53,gen x,india,instagram,shorts,305,4.0,8,high disruption
35,millennials,india,facebook,shorts,81,1.0,3,low disruption
42,millennials,australia,tiktok,reels,325,6.0,8,high disruption
56,gen x,uk,instagram,shorts,18,10.0,2,low disruption
35,millennials,australia,youtube,reels,353,10.0,5,moderate disruption
59,gen x,australia,facebook,live,135,2.0,5,moderate disruption
34,millennials,usa,x,posts,242,8.0,7,high disruption
35,millennials,uk,youtube,shorts,284,8.0,5,moderate disruption
50,gen x,brazil,facebook,live,69,4.0,9,high disruption
62,gen x,brazil,tiktok,shorts,142,7.0,3,low disruption
17,gen z,usa,instagram,stories,273,5.0,9,high disruption
45,millennials,canada,instagram,reels,232,3.0,1,low disruption
49,gen x,pakistan,facebook,reels,205,8.0,3,low disruption
37,millennials,brazil,youtube,live,146,3.0,4,moderate disruption
18,gen z,australia,x,stories,104,4.0,6,moderate disruption
21,gen z,canada,tiktok,posts,142,2.0,10,high disruption
30,millennials,brazil,facebook,stories,172,7.0,8,high disruption
42,millennials,uk,tiktok,stories,103,5.0,7,high disruption
25,gen z,australia,instagram,posts,315,5.0,8,high disruption
24,gen z,pakistan,x,posts,323,6.0,6,moderate disruption
48,gen x,canada,tiktok,stories,331,2.0,6,moderate disruption
47,gen x,brazil,facebook,shorts,359,9.0,6,moderate disruption
63,gen x,brazil,x,shorts,70,5.0,3,low disruption
21,gen z,germany,youtube,stories,339,4.0,10,high disruption
56,gen x,brazil,facebook,shorts,333,2.0,4,moderate disruption
51,gen x,india,tiktok,posts,51,2.0,6,moderate disruption
17,gen z,australia,x,posts,341,9.0,7,high disruption
44,millennials,pakistan,facebook,shorts,235,5.0,3,low disruption
19,gen z,india,x,posts,312,7.0,4,moderate disruption
16,gen z,usa,x,reels,150,1.0,6,moderate disruption
34,millennials,canada,x,posts,211,7.0,1,low disruption
41,millennials,brazil,tiktok,stories,150,9.0,7,high disruption
40,millennials,usa,facebook,live,156,3.0,1,low disruption
25,gen z,pakistan,instagram,shorts,283,6.0,10,high disruption
30,millennials,australia,instagram,shorts,144,9.0,9,high disruption
37,millennials,india,tiktok,posts,155,7.0,10,high disruption
63,gen x,india,tiktok,posts,25,1.0,9,high disruption
36,millennials,canada,x,live,258,4.0,9,high disruption
37,millennials,australia,facebook,live,68,1.0,4,moderate disruption
51,gen x,brazil,facebook,stories,222,9.0,2,low disruption
49,gen x,germany,youtube,reels,76,6.0,7,high disruption
45,millennials,germany,youtube,stories,166,10.0,4,moderate disruption
40,millennials,canada,instagram,shorts,134,1.0,5,moderate disruption
60,gen x,australia,youtube,posts,73,5.0,1,low disruption
43,millennials,canada,youtube,stories,229,1.0,10,high disruption
16,gen z,australia,instagram,posts,250,4.0,6,moderate disruption
64,gen x,pakistan,instagram,posts,72,2.0,7,high disruption
60,gen x,pakistan,youtube,stories,111,4.0,3,low disruption
19,gen z,usa,facebook,stories,113,8.0,10,high disruption
22,gen z,brazil,youtube,live,332,2.0,2,low disruption
64,gen x,canada,x,reels,107,5.0,10,high disruption
24,gen z,brazil,x,live,145,9.0,7,high disruption
51,gen x,australia,x,reels,69,10.0,1,low disruption
34,millennials,germany,tiktok,stories,138,3.0,2,low disruption
16,gen z,brazil,x,reels,203,9.0,3,low disruption
25,gen z,australia,facebook,shorts,159,3.0,4,moderate disruption
51,gen x,pakistan,tiktok,live,83,4.0,5,moderate disruption
24,gen z,australia,tiktok,live,254,9.0,4,moderate disruption
60,gen x,canada,x,live,91,8.0,10,high disruption
61,gen x,usa,youtube,posts,308,9.0,3,low disruption
57,gen x,usa,instagram,posts,245,8.0,1,low disruption
47,gen x,usa,youtube,stories,92,3.0,7,high disruption
47,gen x,usa,youtube,stories,328,6.0,10,high disruption
21,gen z,pakistan,tiktok,posts,176,4.0,6,moderate disruption
63,gen x,uk,tiktok,live,21,5.0,2,low disruption
53,gen x,brazil,tiktok,posts,227,2.0,2,low disruption
32,millennials,canada,facebook,reels,298,4.0,3,low disruption
25,gen z,india,facebook,live,314,9.0,8,high disruption
42,millennials,canada,instagram,posts,223,9.0,8,high disruption
50,gen x,uk,tiktok,stories,238,6.0,10,high disruption
36,millennials,usa,x,posts,252,5.0,10,high disruption
40,millennials,uk,tiktok,shorts,56,7.0,10,high disruption
43,millennials,germany,facebook,posts,19,6.0,10,high disruption
62,gen x,germany,tiktok,live,328,10.0,8,high disruption
30,millennials,brazil,facebook,posts,116,2.0,7,high disruption
19,gen z,pakistan,tiktok,stories,188,5.0,2,low disruption
44,millennials,canada,x,reels,11,9.0,1,low disruption
24,gen z,canada,instagram,shorts,55,9.0,6,moderate disruption
42,millennials,india,x,live,318,5.0,8,high disruption
41,millennials,pakistan,facebook,stories,245,2.0,1,low disruption
34,millennials,india,youtube,shorts,249,8.0,3,low disruption
43,millennials,germany,x,posts,190,6.0,1,low disruption
32,millennials,usa,tiktok,shorts,291,8.0,10,high disruption
58,gen x,uk,instagram,reels,96,5.0,9,high disruption
56,gen x,india,tiktok,shorts,110,2.0,7,high disruption
57,gen x,australia,tiktok,shorts,17,1.0,8,high disruption
35,millennials,india,x,posts,150,6.0,9,high disruption
60,gen x,usa,instagram,posts,123,2.0,3,low disruption
55,gen x,usa,youtube,live,207,2.0,10,high disruption
54,gen x,canada,tiktok,posts,145,5.0,2,low disruption
64,gen x,uk,instagram,shorts,119,5.0,6,moderate disruption
38,millennials,usa,youtube,reels,156,3.0,5,moderate disruption
62,gen x,pakistan,tiktok,posts,61,2.0,4,moderate disruption
47,gen x,india,instagram,live,161,9.0,6,moderate disruption
62,gen x,india,x,live,314,2.0,6,moderate disruption
48,gen x,germany,tiktok,shorts,137,4.0,3,low disruption
61,gen x,usa,tiktok,posts,167,3.0,2,low disruption
20,gen z,australia,instagram,posts,279,9.0,9,high disruption
58,gen x,canada,tiktok,live,187,4.0,8,high disruption
63,gen x,uk,youtube,posts,81,2.0,4,moderate disruption
49,gen x,australia,tiktok,shorts,329,1.0,6,moderate disruption
55,gen x,canada,facebook,reels,48,7.0,3,low disruption
26,gen z,india,youtube,shorts,210,7.0,8,high disruption
18,gen z,australia,instagram,posts,42,4.0,3,low disruption
48,gen x,canada,youtube,shorts,322,2.0,2,low disruption
26,gen z,india,facebook,stories,26,4.0,7,high disruption
31,millennials,india,facebook,stories,77,6.0,3,low disruption
33,millennials,india,tiktok,posts,245,7.0,9,high disruption
45,millennials,india,tiktok,posts,158,1.0,3,low disruption
63,gen x,pakistan,x,reels,241,6.0,8,high disruption
25,gen z,india,youtube,shorts,9,3.0,2,low disruption
33,millennials,germany,x,reels,225,6.0,9,high disruption
53,gen x,australia,facebook,posts,314,7.0,1,low disruption
34,millennials,canada,tiktok,posts,90,9.0,3,low disruption
51,gen x,germany,tiktok,live,181,4.0,2,low disruption
28,gen z,pakistan,tiktok,reels,263,6.0,7,high disruption
61,gen x,brazil,instagram,posts,224,3.0,5,moderate disruption
18,gen z,brazil,facebook,stories,42,3.0,8,high disruption
25,gen z,germany,tiktok,live,146,1.0,2,low disruption
53,gen x,usa,facebook,shorts,239,3.0,8,high disruption
16,gen z,usa,tiktok,live,207,1.0,7,high disruption
42,millennials,usa,youtube,shorts,333,10.0,5,moderate disruption
61,gen x,uk,facebook,stories,298,6.0,2,low disruption
23,gen z,usa,x,shorts,176,2.0,10,high disruption
61,gen x,canada,instagram,reels,129,2.0,7,high disruption
57,gen x,germany,x,shorts,330,4.0,10,high disruption
32,millennials,canada,facebook,shorts,69,3.0,4,moderate disruption
24,gen z,australia,tiktok,live,285,3.0,4,moderate disruption
21,gen z,usa,facebook,stories,276,5.0,8,high disruption
58,gen x,pakistan,instagram,shorts,248,9.0,6,moderate disruption
40,millennials,uk,facebook,reels,19,6.0,9,high disruption
54,gen x,australia,tiktok,live,230,5.0,2,low disruption
64,gen x,pakistan,x,stories,135,8.0,5,moderate disruption
43,millennials,uk,youtube,stories,199,1.0,6,moderate disruption
48,gen x,brazil,x,posts,297,2.0,8,high disruption
52,gen x,australia,tiktok,reels,213,5.0,4,moderate disruption
24,gen z,brazil,tiktok,live,117,7.0,7,high disruption
33,millennials,germany,instagram,live,248,5.0,7,high disruption
36,millennials,canada,facebook,reels,170,2.0,4,moderate disruption
17,gen z,india,facebook,stories,195,9.0,1,low disruption
58,gen x,canada,x,shorts,261,4.0,3,low disruption
53,gen x,usa,youtube,reels,331,8.0,2,low disruption
55,gen x,brazil,youtube,live,222,9.0,3,low disruption
51,gen x,pakistan,instagram,reels,279,4.0,5,moderate disruption
58,gen x,india,tiktok,stories,56,9.0,1,low disruption
52,gen x,uk,instagram,posts,162,7.0,5,moderate disruption
30,millennials,brazil,facebook,posts,59,9.0,2,low disruption
43,millennials,germany,tiktok,shorts,18,3.0,4,moderate disruption
33,millennials,germany,instagram,shorts,273,9.0,6,moderate disruption
49,gen x,brazil,x,stories,344,1.0,9,high disruption
37,millennials,brazil,facebook,shorts,94,8.0,10,high disruption
26,gen z,brazil,youtube,posts,31,5.0,6,moderate disruption
28,gen z,uk,instagram,stories,93,2.0,10,high disruption
19,gen z,usa,facebook,stories,45,1.0,2,low disruption
37,millennials,uk,facebook,stories,308,4.0,8,high disruption
22,gen z,australia,youtube,reels,272,4.0,5,moderate disruption
58,gen x,pakistan,youtube,shorts,142,3.0,9,high disruption
39,millennials,brazil,youtube,live,10,3.0,10,high disruption
19,gen z,pakistan,instagram,posts,246,4.0,9,high disruption
43,millennials,usa,youtube,shorts,166,4.0,4,moderate disruption
30,millennials,india,x,posts,184,5.0,1,low disruption
16,gen z,uk,facebook,shorts,301,9.0,9,high disruption
18,gen z,usa,youtube,live,10,6.0,9,high disruption
29,gen z,pakistan,facebook,posts,275,1.0,8,high disruption
53,gen x,india,tiktok,live,276,5.0,5,moderate disruption
16,gen z,uk,tiktok,posts,160,8.0,5,moderate disruption
53,gen x,germany,youtube,reels,89,1.0,10,high disruption
53,gen x,uk,facebook,reels,204,5.0,6,moderate disruption
36,millennials,canada,tiktok,posts,14,5.0,1,low disruption
63,gen x,uk,youtube,posts,142,10.0,9,high disruption
44,millennials,canada,facebook,live,246,5.0,5,moderate disruption
20,gen z,india,youtube,stories,205,8.0,7,high disruption
64,gen x,uk,facebook,posts,160,3.0,8,high disruption
25,gen z,india,tiktok,shorts,279,8.0,5,moderate disruption
43,millennials,india,youtube,shorts,229,4.0,3,low disruption
36,millennials,pakistan,tiktok,shorts,72,5.0,6,moderate disruption
22,gen z,usa,youtube,reels,188,5.0,7,high disruption
18,gen z,india,instagram,live,199,9.0,4,moderate disruption
60,gen x,india,tiktok,reels,46,1.0,9,high disruption
62,gen x,pakistan,tiktok,shorts,155,2.0,4,moderate disruption
35,millennials,pakistan,x,posts,88,7.0,10,high disruption
34,millennials,uk,tiktok,shorts,138,6.0,2,low disruption
50,gen x,pakistan,facebook,posts,313,3.0,9,high disruption
19,gen z,uk,youtube,live,358,3.0,4,moderate disruption
20,gen z,germany,instagram,stories,302,4.0,4,moderate disruption
16,gen z,pakistan,facebook,posts,34,5.0,10,high disruption
19,gen z,usa,facebook,reels,13,8.0,1,low disruption
27,gen z,india,facebook,shorts,174,1.0,2,low disruption
42,millennials,usa,facebook,shorts,294,9.0,3,low disruption
57,gen x,canada,instagram,shorts,172,4.0,7,high disruption
38,millennials,brazil,x,posts,348,3.0,9,high disruption
40,millennials,pakistan,tiktok,live,149,5.0,5,moderate disruption
36,millennials,india,facebook,posts,232,7.0,4,moderate disruption
39,millennials,usa,tiktok,reels,310,1.0,2,low disruption
40,millennials,pakistan,tiktok,shorts,80,7.0,7,high disruption
60,gen x,pakistan,facebook,posts,227,8.0,6,moderate disruption
61,gen x,brazil,x,shorts,181,2.0,7,high disruption
47,gen x,germany,tiktok,reels,193,2.0,8,high disruption
47,gen x,germany,youtube,stories,306,2.0,9,high disruption
20,gen z,india,tiktok,stories,50,8.0,10,high disruption
51,gen x,canada,facebook,stories,21,3.0,5,moderate disruption
61,gen x,germany,instagram,shorts,70,8.0,5,moderate disruption
57,gen x,brazil,tiktok,posts,265,6.0,4,moderate disruption
64,gen x,germany,x,shorts,127,8.0,3,low disruption
57,gen x,canada,youtube,live,235,6.0,7,high disruption
54,gen x,usa,youtube,posts,129,4.0,5,moderate disruption
31,millennials,germany,instagram,reels,116,9.0,7,high disruption
48,gen x,brazil,instagram,stories,276,7.0,2,low disruption
64,gen x,uk,tiktok,posts,85,5.0,9,high disruption
36,millennials,brazil,facebook,posts,250,7.0,9,high disruption
24,gen z,australia,x,stories,351,6.0,9,high disruption
21,gen z,australia,youtube,reels,332,4.0,5,moderate disruption
60,gen x,germany,instagram,shorts,219,5.0,10,high disruption
50,gen x,usa,x,shorts,356,4.0,9,high disruption
54,gen x,pakistan,facebook,posts,239,10.0,1,low disruption
37,millennials,usa,youtube,stories,86,6.0,2,low disruption
56,gen x,brazil,youtube,live,298,1.0,10,high disruption
20,gen z,india,facebook,reels,314,5.0,5,moderate disruption
57,gen x,uk,youtube,shorts,80,1.0,5,moderate disruption
38,millennials,usa,facebook,reels,19,3.0,6,moderate disruption
32,millennials,canada,youtube,reels,224,5.0,8,high disruption
27,gen z,brazil,tiktok,reels,234,6.0,1,low disruption
38,millennials,uk,facebook,stories,269,10.0,10,high disruption
31,millennials,australia,x,stories,268,10.0,9,high disruption
18,gen z,brazil,tiktok,stories,114,1.0,4,moderate disruption
45,millennials,uk,x,posts,311,6.0,8,high disruption
37,millennials,canada,youtube,stories,204,8.0,5,moderate disruption
24,gen z,germany,x,posts,230,3.0,1,low disruption
44,millennials,canada,tiktok,shorts,189,8.0,9,high disruption
62,gen x,canada,facebook,shorts,35,9.0,8,high disruption
52,gen x,germany,instagram,shorts,106,7.0,5,moderate disruption
38,millennials,germany,x,shorts,263,4.0,4,moderate disruption
28,gen z,germany,instagram,shorts,103,9.0,8,high disruption
47,gen x,germany,x,stories,343,9.0,9,high disruption
61,gen x,germany,x,live,303,7.0,7,high disruption
62,gen x,canada,facebook,stories,289,4.0,4,moderate disruption
63,gen x,india,youtube,live,270,8.0,7,high disruption
38,millennials,india,tiktok,stories,144,4.0,6,moderate disruption
60,gen x,brazil,tiktok,shorts,306,3.0,3,low disruption
32,millennials,usa,tiktok,reels,290,5.0,10,high disruption
55,gen x,india,youtube,live,354,10.0,3,low disruption
36,millennials,australia,instagram,reels,220,8.0,1,low disruption
17,gen z,india,tiktok,shorts,36,7.0,5,moderate disruption
52,gen x,canada,instagram,live,307,5.0,8,high disruption
21,gen z,germany,youtube,reels,92,3.0,6,moderate disruption
59,gen x,brazil,youtube,stories,67,9.0,8,high disruption
33,millennials,germany,facebook,shorts,283,6.0,7,high disruption
45,millennials,pakistan,tiktok,stories,78,8.0,2,low disruption
37,millennials,pakistan,facebook,stories,310,5.0,8,high disruption
48,gen x,pakistan,tiktok,shorts,128,8.0,4,moderate disruption
45,millennials,canada,youtube,live,273,9.0,5,moderate disruption
32,millennials,australia,youtube,posts,289,4.0,8,high disruption
58,gen x,india,x,posts,125,1.0,5,moderate disruption
47,gen x,canada,x,shorts,350,3.0,5,moderate disruption
57,gen x,usa,youtube,posts,216,9.0,6,moderate disruption
29,gen z,brazil,youtube,reels,152,7.0,7,high disruption
25,gen z,germany,instagram,live,82,8.0,9,high disruption
62,gen x,pakistan,instagram,stories,18,4.0,7,high disruption
51,gen x,uk,facebook,stories,140,7.0,6,moderate disruption
49,gen x,usa,x,shorts,308,7.0,10,high disruption
24,gen z,pakistan,x,stories,284,2.0,4,moderate disruption
57,gen x,australia,youtube,reels,83,10.0,10,high disruption
43,millennials,usa,youtube,reels,247,4.0,2,low disruption
26,gen z,canada,facebook,shorts,197,4.0,9,high disruption
29,gen z,india,x,stories,246,4.0,10,high disruption
54,gen x,germany,instagram,posts,55,1.0,5,moderate disruption
62,gen x,brazil,tiktok,posts,236,6.0,5,moderate disruption
34,millennials,australia,facebook,live,263,3.0,3,low disruption
30,millennials,australia,tiktok,shorts,222,8.0,3,low disruption
43,millennials,uk,instagram,live,210,4.0,1,low disruption
39,millennials,usa,instagram,posts,318,5.0,5,moderate disruption
23,gen z,uk,tiktok,posts,315,7.0,3,low disruption
58,gen x,india,facebook,posts,124,8.0,2,low disruption
24,gen z,pakistan,tiktok,live,84,3.0,9,high disruption
62,gen x,india,facebook,shorts,46,10.0,10,high disruption
48,gen x,pakistan,facebook,reels,25,6.0,6,moderate disruption
48,gen x,uk,youtube,reels,14,1.0,3,low disruption
34,millennials,germany,x,posts,317,4.0,7,high disruption
18,gen z,india,x,shorts,157,5.0,9,high disruption
25,gen z,uk,instagram,shorts,316,8.0,9,high disruption
55,gen x,usa,youtube,stories,298,3.0,1,low disruption
62,gen x,uk,x,stories,90,4.0,2,low disruption
57,gen x,uk,facebook,live,117,1.0,8,high disruption
16,gen z,canada,facebook,stories,193,3.0,1,low disruption
44,millennials,india,tiktok,live,116,7.0,3,low disruption
49,gen x,brazil,tiktok,reels,179,7.0,7,high disruption
28,gen z,germany,facebook,posts,314,1.0,8,high disruption
16,gen z,germany,facebook,shorts,306,2.0,5,moderate disruption
49,gen x,canada,tiktok,reels,8,4.0,2,low disruption
44,millennials,pakistan,x,reels,226,8.0,3,low disruption
63,gen x,australia,instagram,live,225,8.0,9,high disruption
62,gen x,pakistan,tiktok,posts,175,1.0,10,high disruption
28,gen z,germany,x,live,322,4.0,7,high disruption
63,gen x,uk,x,reels,217,5.0,1,low disruption
64,gen x,canada,x,shorts,257,9.0,3,low disruption
44,millennials,usa,youtube,stories,128,5.0,9,high disruption
54,gen x,india,youtube,live,132,3.0,7,high disruption
39,millennials,india,x,reels,217,4.0,2,low disruption
41,millennials,brazil,facebook,stories,116,5.0,6,moderate disruption
32,millennials,india,youtube,stories,89,7.0,9,high disruption
22,gen z,uk,tiktok,reels,8,1.0,4,moderate disruption
28,gen z,usa,youtube,posts,69,4.0,10,high disruption
20,gen z,canada,facebook,reels,322,7.0,2,low disruption
41,millennials,canada,instagram,shorts,350,3.0,3,low disruption
64,gen x,india,youtube,stories,124,6.0,7,high disruption
18,gen z,usa,x,shorts,247,4.0,4,moderate disruption
22,gen z,usa,x,live,141,8.0,7,high disruption
64,gen x,usa,x,stories,251,1.0,5,moderate disruption
54,gen x,germany,instagram,posts,49,9.0,8,high disruption
16,gen z,germany,facebook,reels,150,2.0,8,high disruption
64,gen x,india,tiktok,live,180,2.0,5,moderate disruption
32,millennials,usa,facebook,shorts,46,8.0,7,high disruption
58,gen x,australia,instagram,live,301,9.0,6,moderate disruption
40,millennials,usa,x,posts,93,1.0,8,high disruption
18,gen z,canada,facebook,reels,222,9.0,9,high disruption
30,millennials,canada,tiktok,live,232,3.0,5,moderate disruption
44,millennials,india,x,shorts,302,6.0,7,high disruption
58,gen x,australia,tiktok,live,295,1.0,1,low disruption
47,gen x,usa,youtube,reels,71,4.0,8,high disruption
41,millennials,pakistan,tiktok,live,255,5.0,3,low disruption
31,millennials,australia,x,shorts,45,6.0,1,low disruption
40,millennials,brazil,youtube,reels,103,5.0,6,moderate disruption
43,millennials,india,x,posts,310,5.0,8,high disruption
24,gen z,canada,x,posts,346,10.0,3,low disruption
16,gen z,pakistan,youtube,stories,83,2.0,1,low disruption
44,millennials,canada,tiktok,live,305,2.0,3,low disruption
37,millennials,germany,instagram,shorts,203,7.0,5,moderate disruption
31,millennials,india,instagram,live,151,1.0,8,high disruption
56,gen x,india,instagram,reels,110,5.0,9,high disruption
